timestamp,student_name,gender,degree,year_of_study,accommodation_type,residential_background,part_time_work_internship,specialization,food_expenses_monthly,transport_expenses_monthly,academic_expenses_monthly,other_expenses_monthly,preferred_payment,upi_app,track_expenses_digitally,monthly_allowance,maintain_budget_plan,top_academic_spending_area
2026-02-21 14:07:05.277,Meyyappan,Male,BE / B.Tech,2nd Year,Day Scholar,Rural,No,CSE,1000 - 2000 ₹,> 5000 ₹,2000 - 3000 ₹,2000 - 3000 ₹,UPI,Amazon Pay,No,1500 - 3000 ₹,Yes,Internet & Data Packs
2026-02-21 15:55:10.195,Hemanath ,Male,BE / B.Tech,2nd Year,Day Scholar,Rural,No,Mechatronics,> 5000 ₹,1000 - 2000 ₹,4000 - 5000 ₹,> 5000 ₹,Cash,GPay,Yes,500 - 1500 ₹,Yes,Books & Study Materials
2026-02-21 16:56:32.080,S.deivanai,Female,BSc,1st Year,Day Scholar,Urban,No,Other,< 1000 ₹,1000 - 2000 ₹,> 5000 ₹,4000 - 5000 ₹,UPI,GPay,No,500 - 1500 ₹,No,Books & Study Materials
2026-02-21 17:03:39.930,Sowmiya Devi ,Female,BSc,1st Year,Day Scholar,Rural,No,Other,4000 - 5000 ₹,> 5000 ₹,> 5000 ₹,500 - 1000 ₹,UPI,PhonePe,No,> 3000 ₹,Yes,Books & Study Materials
2026-02-21 17:17:09.803,R.Meenakshi,Female,Other,4th Year,Hostel,Rural,No,Physiotherapy,> 5000 ₹,> 5000 ₹,> 5000 ₹,500 - 1000 ₹,Cash,Other,No,< 500 ₹,No,Books & Study Materials
2026-02-21 17:49:03.791,Mahalakshmi Vallimayil ,Female,B.Com,1st Year,Day Scholar,Rural,No,General,> 5000 ₹,500 - 1000 ₹,3000 - 4000 ₹,4000 - 5000 ₹,Cash,Other,Yes,> 3000 ₹,Yes,Books & Study Materials
2026-02-21 18:05:57.897,V.Balaji,Male,Other,4th Year,Day Scholar,Urban,Yes,BPT,4000 - 5000 ₹,3000 - 4000 ₹,4000 - 5000 ₹,4000 - 5000 ₹,Cash,GPay,Yes,1500 - 3000 ₹,Yes,Books & Study Materials
2026-02-21 18:11:57.351,Mahendiran.l,Male,Other,4th Year,Hostel,Rural,No,PG,< 1000 ₹,< 500 ₹,2000 - 3000 ₹,< 500 ₹,UPI,GPay,No,500 - 1500 ₹,Yes,Books & Study Materials
2026-02-21 18:18:54.480,Meenaloshini ,Female,B.Com,1st Year,PG,Urban,No,CA,< 1000 ₹,< 500 ₹,< 500 ₹,500 - 1000 ₹,Cash,GPay,No,< 500 ₹,Yes,Books & Study Materials
2026-02-21 18:24:40.866,Gopika. M,Female,BSc,1st Year,Day Scholar,Urban,No,Other,1000 - 2000 ₹,< 500 ₹,< 500 ₹,500 - 1000 ₹,Cash,Other,No,500 - 1500 ₹,No,Online Learning Platforms
2026-02-21 18:27:52.020,T.Santhiya,Female,B.Com,1st Year,Day Scholar,Rural,Yes,General,3000 - 4000 ₹,< 500 ₹,< 500 ₹,< 500 ₹,Cash,GPay,Yes,1500 - 3000 ₹,Yes,Books & Study Materials
2026-02-21 18:33:32.426,U.Mahalakshmi ,Female,B.Com,1st Year,Day Scholar,Rural,No,General,< 1000 ₹,< 500 ₹,500 - 1000 ₹,< 500 ₹,UPI,GPay,No,< 500 ₹,Yes,Books & Study Materials
2026-02-21 18:58:25.948,Harini. M,Female,BSc,2nd Year,Day Scholar,Urban,No,Other,< 1000 ₹,3000 - 4000 ₹,> 5000 ₹,4000 - 5000 ₹,UPI,GPay,Yes,500 - 1500 ₹,No,Books & Study Materials
2026-02-21 19:07:53.682,K. Inthuja ,Female,B.Com,1st Year,Day Scholar,Rural,No,General,< 1000 ₹,< 500 ₹,500 - 1000 ₹,< 500 ₹,Cash,GPay,No,< 500 ₹,Yes,Online Learning Platforms
2026-02-21 19:14:00.269,Bhava dharini ,Female,B.Com,1st Year,Day Scholar,Rural,Yes,CA,1000 - 2000 ₹,500 - 1000 ₹,1000 - 2000 ₹,2000 - 3000 ₹,UPI,GPay,Yes,< 500 ₹,Yes,Books & Study Materials
2026-02-21 20:05:02.708,T.karthika,Female,B.Com,1st Year,Day Scholar,Rural,Yes,General,1000 - 2000 ₹,500 - 1000 ₹,2000 - 3000 ₹,2000 - 3000 ₹,Cash,GPay,No,> 3000 ₹,Yes,Internet & Data Packs
2026-02-21 20:17:27.919,S. Mahalakshmi,Female,B.Com,1st Year,Day Scholar,Rural,No,General,< 1000 ₹,< 500 ₹,500 - 1000 ₹,500 - 1000 ₹,Cash,Other,No,500 - 1500 ₹,No,Other
2026-02-21 21:13:15.268,Abinaya,Female,B.Com,1st Year,Hostel,Urban,No,General,1000 - 2000 ₹,500 - 1000 ₹,500 - 1000 ₹,500 - 1000 ₹,Cash,GPay,Yes,500 - 1500 ₹,Yes,Books & Study Materials
2026-02-21 23:41:31.120,Saranya,Female,B.Com,3rd Year,Day Scholar,Urban,Yes,CA,1000 - 2000 ₹,1000 - 2000 ₹,> 5000 ₹,1000 - 2000 ₹,UPI,GPay,Yes,< 500 ₹,No,Online Learning Platforms
2026-02-22 15:02:19.483,Poojith,Male,BE / B.Tech,2nd Year,Day Scholar,Urban,No,ECE,2000 - 3000 ₹,2000 - 3000 ₹,4000 - 5000 ₹,1000 - 2000 ₹,UPI,Other,Yes,< 500 ₹,No,Internet & Data Packs
2026-02-23 17:00:58.689,Umapathy palaniappan ,Male,Other,2nd Year,Day Scholar,Urban,No,BACHELOR OF BUSINESS ADMINISTRATION,4000 - 5000 ₹,< 500 ₹,2000 - 3000 ₹,< 500 ₹,Cash,GPay,Yes,500 - 1500 ₹,No,Online Learning Platforms
2026-02-23 17:27:48.538,Muthu Srinivasan ,Female,Other,2nd Year,Day Scholar,Rural,Yes,M. Com,3000 - 4000 ₹,500 - 1000 ₹,1000 - 2000 ₹,500 - 1000 ₹,UPI,PhonePe,No,500 - 1500 ₹,Yes,Books & Study Materials
2026-02-23 17:38:48.966,Rohin,Male,BE / B.Tech,1st Year,Day Scholar,Urban,No,Civil,2000 - 3000 ₹,> 5000 ₹,> 5000 ₹,1000 - 2000 ₹,UPI,PhonePe,Yes,1500 - 3000 ₹,Yes,Internet & Data Packs
2026-02-23 17:42:03.221,Sai vardhan ,Male,BE / B.Tech,2nd Year,Hostel,Rural,No,Other,> 5000 ₹,< 500 ₹,> 5000 ₹,1000 - 2000 ₹,UPI,PhonePe,Yes,1500 - 3000 ₹,Yes,Other
2026-02-23 17:46:08.597,K. Rohith Varma ,Male,BE / B.Tech,2nd Year,Hostel,Urban,No,CSE,< 1000 ₹,500 - 1000 ₹,2000 - 3000 ₹,1000 - 2000 ₹,UPI,PhonePe,Yes,500 - 1500 ₹,No,Online Learning Platforms
2026-02-23 17:48:50.783,DASU SAI HARI HARAN,Male,BE / B.Tech,2nd Year,PG,Urban,No,Other,> 5000 ₹,1000 - 2000 ₹,1000 - 2000 ₹,1000 - 2000 ₹,UPI,PhonePe,Yes,> 3000 ₹,Yes,Books & Study Materials
2026-02-23 17:48:55.447,Sohan,Male,Other,2nd Year,Day Scholar,Urban,No,Bba,3000 - 4000 ₹,500 - 1000 ₹,3000 - 4000 ₹,3000 - 4000 ₹,Other,PhonePe,Yes,500 - 1500 ₹,No,Other
2026-02-23 17:52:47.910,Saksham,Male,BE / B.Tech,2nd Year,Hostel,Urban,No,Other,> 5000 ₹,1000 - 2000 ₹,2000 - 3000 ₹,2000 - 3000 ₹,UPI,SBI Pay,Yes,> 3000 ₹,Yes,Internet & Data Packs
2026-02-23 17:56:19.658,Mohan Sai,Male,BE / B.Tech,2nd Year,PG,Urban,Yes,Cyber Security,1000 - 2000 ₹,1000 - 2000 ₹,> 5000 ₹,1000 - 2000 ₹,UPI,PhonePe,Yes,> 3000 ₹,Yes,Online Learning Platforms
2026-02-23 17:57:17.173,Manideeph ,Male,BE / B.Tech,2nd Year,Day Scholar,Urban,No,Mech,1000 - 2000 ₹,> 5000 ₹,> 5000 ₹,1000 - 2000 ₹,UPI,GPay,Yes,500 - 1500 ₹,Yes,Online Learning Platforms
2026-02-23 17:59:31.455,Uma santhosh ,Male,BE / B.Tech,1st Year,PG,Urban,No,IT,> 5000 ₹,< 500 ₹,> 5000 ₹,> 5000 ₹,Other,Other,Yes,> 3000 ₹,Yes,Other
2026-02-23 18:00:07.226,P.NIKHIL MANIKANTA VARMA,Male,BE / B.Tech,1st Year,Day Scholar,Rural,No,ECE,1000 - 2000 ₹,4000 - 5000 ₹,4000 - 5000 ₹,2000 - 3000 ₹,Cash,Other,No,< 500 ₹,Yes,Books & Study Materials
2026-02-23 18:00:34.458,Srivalli,Female,BE / B.Tech,2nd Year,PG,Urban,No,CSE,3000 - 4000 ₹,500 - 1000 ₹,> 5000 ₹,1000 - 2000 ₹,UPI,PhonePe,Yes,> 3000 ₹,Yes,Online Learning Platforms
2026-02-23 18:02:18.254,VIJJAVARAPU THANOJ ,Male,BE / B.Tech,1st Year,Day Scholar,Rural,No,CSE,< 1000 ₹,2000 - 3000 ₹,1000 - 2000 ₹,< 500 ₹,Debit/Credit Card,PhonePe,No,500 - 1500 ₹,No,Books & Study Materials
2026-02-23 18:02:43.115,Srikanth vegi ,Male,BE / B.Tech,3rd Year,Day Scholar,Urban,No,CSE,< 1000 ₹,< 500 ₹,> 5000 ₹,< 500 ₹,UPI,PhonePe,Yes,500 - 1500 ₹,Yes,Software Tools
2026-02-23 18:04:33.168,B Varshit ,Male,BE / B.Tech,3rd Year,Day Scholar,Urban,No,Mech,1000 - 2000 ₹,2000 - 3000 ₹,1000 - 2000 ₹,1000 - 2000 ₹,UPI,PhonePe,Yes,1500 - 3000 ₹,Yes,Books & Study Materials
2026-02-23 18:08:15.487,Kushwanth ,Male,BE / B.Tech,2nd Year,Day Scholar,Urban,No,CSE,4000 - 5000 ₹,< 500 ₹,500 - 1000 ₹,3000 - 4000 ₹,UPI,Amazon Pay,Yes,500 - 1500 ₹,No,Other
2026-02-23 18:13:58.729,D varun kumar,Male,BE / B.Tech,2nd Year,Day Scholar,Urban,No,Mech,2000 - 3000 ₹,2000 - 3000 ₹,2000 - 3000 ₹,2000 - 3000 ₹,Cash,Not Applicable,No,1500 - 3000 ₹,Yes,Online Learning Platforms
2026-02-23 18:25:05.359,Pullatikurthi Purna khoushik sai ,Male,BE / B.Tech,2nd Year,PG,Urban,No,Other,> 5000 ₹,500 - 1000 ₹,1000 - 2000 ₹,3000 - 4000 ₹,UPI,PhonePe,No,> 3000 ₹,No,Books & Study Materials
2026-02-23 18:35:23.261,Saima ,Female,Other,2nd Year,Day Scholar,Urban,No,BBA,< 1000 ₹,500 - 1000 ₹,1000 - 2000 ₹,500 - 1000 ₹,UPI,PhonePe,Yes,500 - 1500 ₹,Yes,Other
2026-02-23 19:10:11.680,M.kumar,Male,BE / B.Tech,4th Year,Day Scholar,Rural,Yes,Civil,> 5000 ₹,> 5000 ₹,> 5000 ₹,> 5000 ₹,Debit/Credit Card,SBI Pay,Yes,1500 - 3000 ₹,Yes,Books & Study Materials
2026-02-23 19:21:02.454,Singupuram Chaitanya Kumar ,Male,BE / B.Tech,2nd Year,Day Scholar,Urban,No,CSE,3000 - 4000 ₹,> 5000 ₹,4000 - 5000 ₹,3000 - 4000 ₹,UPI,GPay,Yes,> 3000 ₹,Yes,Online Learning Platforms
2026-02-23 20:27:51.545,Jitendar ,Male,B.Com,2nd Year,Day Scholar,Rural,No,PA,1000 - 2000 ₹,< 500 ₹,> 5000 ₹,< 500 ₹,Cash,Not Applicable,No,1500 - 3000 ₹,No,Other
2026-02-23 20:29:44.811,Ramesh,Male,B.Com,1st Year,Hostel,Urban,Yes,A & F,< 1000 ₹,< 500 ₹,4000 - 5000 ₹,< 500 ₹,UPI,GPay,Yes,500 - 1500 ₹,Yes,Other
2026-02-23 20:30:33.628,Preeti,Female,BE / B.Tech,3rd Year,PG,Urban,No,Civil,1000 - 2000 ₹,500 - 1000 ₹,> 5000 ₹,> 5000 ₹,UPI,PhonePe,Yes,> 3000 ₹,No,Internet & Data Packs
2026-02-23 21:11:59.418,MANOJ K S,Male,Other,1st Year,Day Scholar,Urban,No,M.COM,< 1000 ₹,2000 - 3000 ₹,1000 - 2000 ₹,500 - 1000 ₹,UPI,GPay,Yes,1500 - 3000 ₹,Yes,Books & Study Materials
2026-02-23 21:32:41.449,Ankit Sahu ,Male,BE / B.Tech,2nd Year,Day Scholar,Urban,No,Mech,1000 - 2000 ₹,1000 - 2000 ₹,2000 - 3000 ₹,1000 - 2000 ₹,UPI,GPay,No,> 3000 ₹,No,Other
2026-02-23 21:37:59.797,Sittu S,Female,MBA,4th Year,PG,Urban,No,Finance,4000 - 5000 ₹,500 - 1000 ₹,4000 - 5000 ₹,2000 - 3000 ₹,UPI,PhonePe,Yes,< 500 ₹,Yes,Online Learning Platforms
2026-02-23 22:40:41.712,Shreeja Kamanaboina ,Female,BE / B.Tech,2nd Year,Day Scholar,Urban,No,CSE,< 1000 ₹,2000 - 3000 ₹,> 5000 ₹,1000 - 2000 ₹,Cash,PhonePe,Yes,1500 - 3000 ₹,Yes,Other
2026-02-23 23:02:23.205,Sri koushika viswakarma ,Female,BE / B.Tech,2nd Year,PG,Rural,No,Other,4000 - 5000 ₹,1000 - 2000 ₹,500 - 1000 ₹,1000 - 2000 ₹,UPI,GPay,Yes,> 3000 ₹,No,Books & Study Materials
2026-02-24 08:15:04.000,Nandha ,Male,ME / M.Tech,2nd Year,Hostel,Urban,Yes,Cyber,2000 - 3000 ₹,2000 - 3000 ₹,3000 - 4000 ₹,4000 - 5000 ₹,Debit/Credit Card,GPay,Yes,> 3000 ₹,Yes,Software Tools
2026-02-24 10:44:40.817,Nithya S,Female,ME / M.Tech,2nd Year,Day Scholar,Rural,Yes,DS,3000 - 4000 ₹,1000 - 2000 ₹,4000 - 5000 ₹,500 - 1000 ₹,UPI,BHIM UPI,Yes,1500 - 3000 ₹,Yes,Internet & Data Packs
2026-02-24 11:40:41.780,Prathiev N P,Male,ME / M.Tech,1st Year,Hostel,Urban,Yes,IoT,2000 - 3000 ₹,3000 - 4000 ₹,< 500 ₹,3000 - 4000 ₹,UPI,Not Applicable,Yes,> 3000 ₹,Yes,Online Learning Platforms
2026-02-24 11:41:09.532,Navesh K,Male,BE / B.Tech,2nd Year,Day Scholar,Urban,No,CSE,3000 - 4000 ₹,3000 - 4000 ₹,4000 - 5000 ₹,> 5000 ₹,UPI,GPay,No,< 500 ₹,No,Other
2026-02-24 11:41:22.877,Mohanapriyan B,Male,BE / B.Tech,2nd Year,Day Scholar,Urban,No,CSE,4000 - 5000 ₹,3000 - 4000 ₹,> 5000 ₹,> 5000 ₹,UPI,GPay,No,< 500 ₹,No,Other
2026-02-24 11:41:25.251,Logesh G,Male,BE / B.Tech,2nd Year,Hostel,Urban,No,CSE,> 5000 ₹,> 5000 ₹,4000 - 5000 ₹,3000 - 4000 ₹,UPI,GPay,No,500 - 1500 ₹,No,Other
2026-02-24 12:43:26.349,Raghu,Male,BE / B.Tech,3rd Year,Day Scholar,Rural,No,CSE,1000 - 2000 ₹,4000 - 5000 ₹,2000 - 3000 ₹,4000 - 5000 ₹,UPI,PhonePe,No,500 - 1500 ₹,No,Books & Study Materials
2026-02-24 13:00:39.103,Kabilan M,Male,Other,2nd Year,PG,Urban,No,B.Arch,4000 - 5000 ₹,2000 - 3000 ₹,2000 - 3000 ₹,3000 - 4000 ₹,Cash,Not Applicable,Yes,> 3000 ₹,Yes,Software Tools
2026-02-24 13:15:25.529,Yashvanth ,Male,ME / M.Tech,2nd Year,Hostel,Urban,No,Cyber,2000 - 3000 ₹,1000 - 2000 ₹,2000 - 3000 ₹,2000 - 3000 ₹,UPI,GPay,Yes,500 - 1500 ₹,Yes,Internet & Data Packs
2026-02-24 14:41:31.972,Mukil,Male,ME / M.Tech,2nd Year,Day Scholar,Rural,Yes,Cyber,1000 - 2000 ₹,500 - 1000 ₹,2000 - 3000 ₹,1000 - 2000 ₹,Cash,PhonePe,Yes,< 500 ₹,Yes,Online Learning Platforms
2026-02-25 18:30:35.411,Bharani A,Male,MBA,2nd Year,Day Scholar,Urban,No,Finance,1000 - 2000 ₹,3000 - 4000 ₹,1000 - 2000 ₹,500 - 1000 ₹,Cash,BHIM UPI,Yes,< 500 ₹,Yes,Software Tools
2026-02-25 18:32:31.848,Deepanaa C,Male,B.Com,1st Year,PG,Rural,Yes,CA,2000 - 3000 ₹,1000 - 2000 ₹,< 500 ₹,3000 - 4000 ₹,Debit/Credit Card,SBI Pay,Yes,< 500 ₹,Yes,Online Learning Platforms
2026-02-25 18:33:30.416,Charu S,Female,BE / B.Tech,3rd Year,Day Scholar,Urban,Yes,MDE,1000 - 2000 ₹,2000 - 3000 ₹,3000 - 4000 ₹,500 - 1000 ₹,Cash,Amazon Pay,Yes,< 500 ₹,Yes,Online Learning Platforms
2026-02-25 18:34:22.224,Navin Kumar D,Male,BSc,3rd Year,Day Scholar,Rural,Yes,Physics,2000 - 3000 ₹,1000 - 2000 ₹,1000 - 2000 ₹,2000 - 3000 ₹,Debit/Credit Card,PhonePe,Yes,1500 - 3000 ₹,Yes,Software Tools
2026-02-25 18:35:29.372,Bhava K,Female,ME / M.Tech,1st Year,PG,Rural,Yes,Cyber,1000 - 2000 ₹,2000 - 3000 ₹,500 - 1000 ₹,> 5000 ₹,Debit/Credit Card,BHIM UPI,Yes,1500 - 3000 ₹,Yes,Online Learning Platforms
2026-02-25 18:36:45.886,Mohan P,Male,BSc,3rd Year,PG,Urban,Yes,Chemistry,1000 - 2000 ₹,3000 - 4000 ₹,4000 - 5000 ₹,2000 - 3000 ₹,Cash,PhonePe,No,500 - 1500 ₹,Yes,Online Learning Platforms
2026-02-25 18:41:24.422,Swathi D,Female,ME / M.Tech,1st Year,PG,Rural,Yes,Cyber,< 1000 ₹,< 500 ₹,< 500 ₹,< 500 ₹,UPI,PhonePe,Yes,500 - 1500 ₹,Yes,Books & Study Materials
2026-02-25 18:44:22.160,Pooja Shree V,Female,B.Com,2nd Year,Hostel,Rural,Yes,CA,< 1000 ₹,3000 - 4000 ₹,3000 - 4000 ₹,4000 - 5000 ₹,Debit/Credit Card,PhonePe,Yes,< 500 ₹,Yes,Software Tools
2026-02-25 18:45:25.757,Rohit S,Male,MBA,1st Year,PG,Rural,Yes,Other,1000 - 2000 ₹,2000 - 3000 ₹,500 - 1000 ₹,1000 - 2000 ₹,Cash,PhonePe,Yes,< 500 ₹,Yes,Online Learning Platforms
2026-02-25 19:30:12.959,Aakash A ,Male,BE / B.Tech,2nd Year,Day Scholar,Rural,Yes,AI & DS,2000 - 3000 ₹,2000 - 3000 ₹,2000 - 3000 ₹,1000 - 2000 ₹,UPI,GPay,Yes,1500 - 3000 ₹,No,Online Learning Platforms
2026-02-25 19:31:18.581,Harish S,Male,BE / B.Tech,2nd Year,Day Scholar,Rural,Yes,AI & DS,2000 - 3000 ₹,2000 - 3000 ₹,2000 - 3000 ₹,2000 - 3000 ₹,UPI,GPay,Yes,1500 - 3000 ₹,No,Software Tools
2026-02-26 21:34:38.908,ROHIT SP ,Male,Other,2nd Year,Day Scholar,Urban,Yes,ABOUT ME,> 5000 ₹,4000 - 5000 ₹,4000 - 5000 ₹,> 5000 ₹,UPI,GPay,Yes,> 3000 ₹,Yes,Other
2026-02-27 08:24:04.499,Anuritha ,Female,MBA,1st Year,Day Scholar,Urban,No,Finance,> 5000 ₹,4000 - 5000 ₹,> 5000 ₹,1000 - 2000 ₹,UPI,GPay,No,> 3000 ₹,No,Other
2026-02-27 18:02:40.220,Suganth C,Male,B.Com,1st Year,PG,Urban,Yes,PA,2000 - 3000 ₹,3000 - 4000 ₹,1000 - 2000 ₹,2000 - 3000 ₹,UPI,Amazon Pay,Yes,500 - 1500 ₹,Yes,Online Learning Platforms
2026-03-10 17:10:52.730,P Niestchal Dheeraj' ,Male,BE / B.Tech,2nd Year,Day Scholar,Urban,No,Other,< 1000 ₹,500 - 1000 ₹,> 5000 ₹,< 500 ₹,UPI,PhonePe,No,< 500 ₹,No,Online Learning Platforms
2026-03-11 16:52:34.509,Ramesh P,Male,ME / M.Tech,2nd Year,Hostel,Urban,Yes,CSE,2000 - 3000 ₹,3000 - 4000 ₹,3000 - 4000 ₹,1000 - 2000 ₹,Debit/Credit Card,SBI Pay,Yes,1500 - 3000 ₹,Yes,Internet & Data Packs
2026-03-11 16:53:15.238,Suresh M,Male,B.Com,2nd Year,Day Scholar,Rural,Yes,A & F,1000 - 2000 ₹,> 5000 ₹,4000 - 5000 ₹,2000 - 3000 ₹,Cash,SBI Pay,No,1500 - 3000 ₹,No,Internet & Data Packs
2026-03-11 16:54:25.934,Shivaraj Kumari H,Female,ME / M.Tech,1st Year,PG,Urban,No,CSE,3000 - 4000 ₹,3000 - 4000 ₹,4000 - 5000 ₹,> 5000 ₹,Debit/Credit Card,Amazon Pay,No,< 500 ₹,Yes,Internet & Data Packs
2026-03-11 16:55:26.714,Chandru J,Male,ME / M.Tech,1st Year,Day Scholar,Rural,No,Cloud,> 5000 ₹,> 5000 ₹,> 5000 ₹,> 5000 ₹,UPI,SBI Pay,Yes,500 - 1500 ₹,No,Online Learning Platforms
2026-03-12 07:43:13.372,Rakesh M,Male,B.Com,1st Year,Day Scholar,Rural,No,IT,< 1000 ₹,2000 - 3000 ₹,2000 - 3000 ₹,4000 - 5000 ₹,Cash,SBI Pay,Yes,500 - 1500 ₹,Yes,Books & Study Materials
2026-03-12 07:44:14.971,Fayaz M,Male,BE / B.Tech,4th Year,Hostel,Urban,Yes,MDE,3000 - 4000 ₹,1000 - 2000 ₹,> 5000 ₹,1000 - 2000 ₹,UPI,Other,Yes,< 500 ₹,No,Software Tools
2026-03-12 07:45:17.687,Afra M,Female,MBA,1st Year,Hostel,Rural,Yes,Marketing,1000 - 2000 ₹,1000 - 2000 ₹,1000 - 2000 ₹,1000 - 2000 ₹,Debit/Credit Card,BHIM UPI,Yes,< 500 ₹,Yes,Internet & Data Packs
2026-03-12 07:48:38.448,Ramin S,Male,ME / M.Tech,1st Year,PG,Rural,Yes,IoT,2000 - 3000 ₹,500 - 1000 ₹,3000 - 4000 ₹,< 500 ₹,Debit/Credit Card,PhonePe,Yes,500 - 1500 ₹,Yes,Software Tools
2026-03-12 07:56:36.990,Hitesh P,Male,B.Com,1st Year,Day Scholar,Rural,Yes,A & F,2000 - 3000 ₹,2000 - 3000 ₹,2000 - 3000 ₹,1000 - 2000 ₹,Other,Not Applicable,No,< 500 ₹,No,Books & Study Materials
2026-03-12 07:57:26.872,Raji S,Female,BSc,1st Year,PG,Urban,Yes,Physics,2000 - 3000 ₹,1000 - 2000 ₹,500 - 1000 ₹,2000 - 3000 ₹,Cash,Not Applicable,Yes,> 3000 ₹,Yes,Internet & Data Packs
2026-03-12 07:58:22.383,Ashok J,Male,BSc,2nd Year,PG,Rural,No,Physics,< 1000 ₹,1000 - 2000 ₹,1000 - 2000 ₹,3000 - 4000 ₹,Debit/Credit Card,PhonePe,Yes,500 - 1500 ₹,No,Software Tools
2026-03-12 07:59:11.882,Jagan D,Male,B.Com,3rd Year,PG,Rural,Yes,A & F,3000 - 4000 ₹,2000 - 3000 ₹,4000 - 5000 ₹,4000 - 5000 ₹,Cash,PhonePe,Yes,1500 - 3000 ₹,Yes,Software Tools
2026-03-12 08:00:54.961,Kavita V,Female,MBA,1st Year,PG,Rural,Yes,HR,3000 - 4000 ₹,3000 - 4000 ₹,4000 - 5000 ₹,3000 - 4000 ₹,Debit/Credit Card,SBI Pay,Yes,> 3000 ₹,Yes,Software Tools
2026-03-14 08:07:01.177,Aarthik M,Male,ME / M.Tech,1st Year,PG,Rural,Yes,CSE,2000 - 3000 ₹,3000 - 4000 ₹,500 - 1000 ₹,2000 - 3000 ₹,Cash,Amazon Pay,Yes,< 500 ₹,Yes,Online Learning Platforms
2026-03-14 08:07:49.027,Aadityanath J,Male,ME / M.Tech,2nd Year,Hostel,Urban,No,IoT,4000 - 5000 ₹,> 5000 ₹,> 5000 ₹,> 5000 ₹,Debit/Credit Card,Airtel Thanks App,No,> 3000 ₹,No,Internet & Data Packs
2026-03-14 08:08:44.167,Swathi L,Female,ME / M.Tech,1st Year,PG,Urban,No,CSE,1000 - 2000 ₹,2000 - 3000 ₹,2000 - 3000 ₹,< 500 ₹,UPI,PhonePe,Yes,< 500 ₹,Yes,Books & Study Materials
2026-03-14 08:10:29.847,Surya S,Male,BE / B.Tech,4th Year,Day Scholar,Urban,Yes,MDE,3000 - 4000 ₹,1000 - 2000 ₹,2000 - 3000 ₹,1000 - 2000 ₹,UPI,PhonePe,No,500 - 1500 ₹,Yes,Online Learning Platforms
2026-03-14 08:11:24.496,Kaarthi F,Male,BSc,3rd Year,Hostel,Urban,No,Physics,< 1000 ₹,1000 - 2000 ₹,1000 - 2000 ₹,2000 - 3000 ₹,Cash,Amazon Pay,No,< 500 ₹,Yes,Books & Study Materials
2026-03-16 16:38:42.073,Yogitha S,Female,B.Com,1st Year,PG,Urban,No,PA,4000 - 5000 ₹,2000 - 3000 ₹,3000 - 4000 ₹,500 - 1000 ₹,Debit/Credit Card,PhonePe,Yes,500 - 1500 ₹,Yes,Books & Study Materials
2026-03-16 16:40:03.347,Ram Naidu H,Male,B.Com,1st Year,Hostel,Rural,Yes,A & F,3000 - 4000 ₹,4000 - 5000 ₹,3000 - 4000 ₹,3000 - 4000 ₹,Cash,PhonePe,No,1500 - 3000 ₹,Yes,Internet & Data Packs
2026-03-16 16:41:00.215,Bhava Shri M,Female,B.Com,1st Year,Day Scholar,Urban,No,PA,1000 - 2000 ₹,2000 - 3000 ₹,3000 - 4000 ₹,4000 - 5000 ₹,Debit/Credit Card,Airtel Thanks App,Yes,> 3000 ₹,Yes,Internet & Data Packs
2026-03-16 16:42:03.657,Barani Kumar H,Male,ME / M.Tech,1st Year,PG,Rural,Yes,IoT,3000 - 4000 ₹,3000 - 4000 ₹,2000 - 3000 ₹,1000 - 2000 ₹,Debit/Credit Card,PhonePe,Yes,500 - 1500 ₹,Yes,Internet & Data Packs
2026-03-16 16:43:38.910,Anbu M,Male,B.Com,1st Year,Hostel,Urban,No,CA,3000 - 4000 ₹,1000 - 2000 ₹,4000 - 5000 ₹,2000 - 3000 ₹,Cash,Amazon Pay,No,500 - 1500 ₹,No,Internet & Data Packs
2026-03-16 16:44:48.838,Ashok M,Male,MBA,1st Year,PG,Rural,No,BA,4000 - 5000 ₹,2000 - 3000 ₹,2000 - 3000 ₹,1000 - 2000 ₹,UPI,Amazon Pay,Yes,< 500 ₹,Yes,Internet & Data Packs
2026-03-16 16:45:40.341,Anintha G,Female,B.Com,1st Year,Day Scholar,Rural,Yes,PA,1000 - 2000 ₹,2000 - 3000 ₹,2000 - 3000 ₹,2000 - 3000 ₹,Other,SBI Pay,Yes,< 500 ₹,Yes,Software Tools
2026-03-18 07:25:00.400,Jai Aakash ,Male,ME / M.Tech,2nd Year,Day Scholar,Urban,No,Cloud,4000 - 5000 ₹,3000 - 4000 ₹,500 - 1000 ₹,3000 - 4000 ₹,Debit/Credit Card,SBI Pay,Yes,1500 - 3000 ₹,Yes,Software Tools
2026-03-18 07:25:46.015,Somnath K,Male,B.Com,1st Year,Day Scholar,Urban,No,IT,2000 - 3000 ₹,500 - 1000 ₹,2000 - 3000 ₹,1000 - 2000 ₹,Debit/Credit Card,SBI Pay,No,1500 - 3000 ₹,Yes,Internet & Data Packs
2026-03-18 07:26:45.730,Bashar Khan M,Male,B.Com,2nd Year,Day Scholar,Rural,No,A & F,4000 - 5000 ₹,2000 - 3000 ₹,500 - 1000 ₹,2000 - 3000 ₹,Cash,Not Applicable,Yes,1500 - 3000 ₹,Yes,Software Tools
2026-03-18 07:27:53.642,Trisha H,Female,BE / B.Tech,1st Year,Day Scholar,Urban,Yes,MDE,3000 - 4000 ₹,3000 - 4000 ₹,3000 - 4000 ₹,2000 - 3000 ₹,Cash,Not Applicable,No,1500 - 3000 ₹,Yes,Online Learning Platforms
2026-03-18 07:29:01.541,Swathi Praathmik,Female,B.Com,2nd Year,Day Scholar,Urban,No,A & F,3000 - 4000 ₹,1000 - 2000 ₹,4000 - 5000 ₹,1000 - 2000 ₹,UPI,Amazon Pay,Yes,1500 - 3000 ₹,Yes,Online Learning Platforms
2026-03-18 07:29:49.317,Karthik M,Male,MBA,2nd Year,Day Scholar,Rural,No,MBA,3000 - 4000 ₹,1000 - 2000 ₹,3000 - 4000 ₹,3000 - 4000 ₹,UPI,Other,Yes,1500 - 3000 ₹,No,Online Learning Platforms
2026-03-18 07:30:49.767,Rani J,Female,BE / B.Tech,2nd Year,Hostel,Rural,No,BME,3000 - 4000 ₹,4000 - 5000 ₹,> 5000 ₹,2000 - 3000 ₹,Debit/Credit Card,Not Applicable,Yes,500 - 1500 ₹,No,Other
2026-03-18 07:31:33.856,Mahalakshmi M,Female,MBA,1st Year,Day Scholar,Urban,No,MBA,4000 - 5000 ₹,4000 - 5000 ₹,> 5000 ₹,> 5000 ₹,UPI,Other,No,> 3000 ₹,Yes,Online Learning Platforms
2026-03-18 14:46:41.615,Nandhani M,Female,BSc,2nd Year,Day Scholar,Urban,No,Physics,2000 - 3000 ₹,1000 - 2000 ₹,4000 - 5000 ₹,> 5000 ₹,Debit/Credit Card,Airtel Thanks App,No,500 - 1500 ₹,No,Software Tools
2026-03-18 14:47:37.157,Aafrin Mohammed,Female,BSc,1st Year,Day Scholar,Urban,Yes,Chemistry,3000 - 4000 ₹,2000 - 3000 ₹,4000 - 5000 ₹,> 5000 ₹,UPI,Airtel Thanks App,No,500 - 1500 ₹,No,Other
2026-03-18 14:48:49.665,Navmi H,Male,BE / B.Tech,3rd Year,Day Scholar,Urban,No,BME,3000 - 4000 ₹,3000 - 4000 ₹,4000 - 5000 ₹,2000 - 3000 ₹,Other,Other,Yes,1500 - 3000 ₹,Yes,Internet & Data Packs
2026-03-18 14:49:58.815,Maithili Sharan,Female,BE / B.Tech,1st Year,Day Scholar,Urban,No,Cyber Security,3000 - 4000 ₹,1000 - 2000 ₹,1000 - 2000 ₹,3000 - 4000 ₹,Other,Other,Yes,1500 - 3000 ₹,No,Books & Study Materials
2026-03-18 14:50:48.669,Somnath H,Male,B.Com,1st Year,Day Scholar,Rural,No,A & F,4000 - 5000 ₹,> 5000 ₹,3000 - 4000 ₹,> 5000 ₹,Other,Other,No,500 - 1500 ₹,Yes,Other
2026-03-18 14:52:11.744,Karshil Khan,Male,ME / M.Tech,1st Year,Day Scholar,Rural,Yes,CSE,4000 - 5000 ₹,4000 - 5000 ₹,> 5000 ₹,4000 - 5000 ₹,Cash,Airtel Thanks App,No,> 3000 ₹,Yes,Internet & Data Packs
2026-03-18 14:55:59.524,Pravesh J,Male,BE / B.Tech,4th Year,PG,Rural,No,MDE,< 1000 ₹,500 - 1000 ₹,< 500 ₹,< 500 ₹,Other,Other,No,< 500 ₹,No,Software Tools
2026-03-18 14:57:16.676,Poovizhi S,Female,BE / B.Tech,4th Year,PG,Rural,Yes,Mechatronics,4000 - 5000 ₹,> 5000 ₹,> 5000 ₹,< 500 ₹,UPI,Other,No,< 500 ₹,Yes,Software Tools
2026-03-18 14:58:09.184,Poovisha M,Female,ME / M.Tech,1st Year,Hostel,Rural,Yes,IoT,4000 - 5000 ₹,< 500 ₹,3000 - 4000 ₹,< 500 ₹,UPI,GPay,Yes,500 - 1500 ₹,Yes,Online Learning Platforms
2026-03-18 14:59:11.814,Mukil J,Male,MBA,1st Year,PG,Rural,No,MBA,2000 - 3000 ₹,500 - 1000 ₹,3000 - 4000 ₹,1000 - 2000 ₹,Other,GPay,No,500 - 1500 ₹,No,Other
2026-03-18 15:00:17.539,Kanimozhi M,Male,B.Com,1st Year,Day Scholar,Rural,No,A & F,1000 - 2000 ₹,1000 - 2000 ₹,4000 - 5000 ₹,> 5000 ₹,Debit/Credit Card,Not Applicable,No,1500 - 3000 ₹,No,Other
2026-03-18 15:01:16.656,Vikas Pranaali,Female,B.Com,1st Year,PG,Urban,Yes,A & F,4000 - 5000 ₹,500 - 1000 ₹,3000 - 4000 ₹,3000 - 4000 ₹,Other,SBI Pay,No,500 - 1500 ₹,No,Internet & Data Packs
2026-03-18 15:02:11.265,Yashwantrao P,Male,ME / M.Tech,2nd Year,Day Scholar,Rural,Yes,Cloud,4000 - 5000 ₹,500 - 1000 ₹,4000 - 5000 ₹,3000 - 4000 ₹,Cash,Airtel Thanks App,No,500 - 1500 ₹,No,Online Learning Platforms
2026-03-18 18:09:34.544,Ram Prakash,Male,BE / B.Tech,4th Year,PG,Urban,Yes,MDE,4000 - 5000 ₹,3000 - 4000 ₹,3000 - 4000 ₹,> 5000 ₹,UPI,GPay,Yes,500 - 1500 ₹,Yes,Software Tools
2026-03-18 18:10:37.053,Shiksha S,Female,BE / B.Tech,4th Year,PG,Urban,Yes,Mechatronics,1000 - 2000 ₹,2000 - 3000 ₹,4000 - 5000 ₹,> 5000 ₹,UPI,PhonePe,Yes,1500 - 3000 ₹,Yes,Internet & Data Packs
2026-03-18 18:11:29.997,Nehra H,Female,ME / M.Tech,1st Year,Day Scholar,Rural,No,Cloud,4000 - 5000 ₹,4000 - 5000 ₹,3000 - 4000 ₹,> 5000 ₹,Debit/Credit Card,Not Applicable,Yes,> 3000 ₹,Yes,Online Learning Platforms
2026-03-18 18:12:38.342,Ganesh J,Male,ME / M.Tech,1st Year,PG,Rural,No,Cloud,4000 - 5000 ₹,> 5000 ₹,> 5000 ₹,2000 - 3000 ₹,Other,Amazon Pay,No,1500 - 3000 ₹,Yes,Online Learning Platforms
2026-03-19 12:23:20.678,Then Sanjay S,Male,B.Com,1st Year,Day Scholar,Urban,No,PA,2000 - 3000 ₹,4000 - 5000 ₹,1000 - 2000 ₹,3000 - 4000 ₹,UPI,SBI Pay,No,1500 - 3000 ₹,Yes,Software Tools
2026-03-19 12:24:00.166,Revathi S,Female,ME / M.Tech,2nd Year,PG,Urban,No,Cloud,3000 - 4000 ₹,1000 - 2000 ₹,1000 - 2000 ₹,500 - 1000 ₹,Other,SBI Pay,Yes,1500 - 3000 ₹,No,Other
2026-03-19 12:24:41.487,Ramaswamy S,Male,ME / M.Tech,1st Year,Day Scholar,Urban,No,IoT,< 1000 ₹,3000 - 4000 ₹,4000 - 5000 ₹,2000 - 3000 ₹,Debit/Credit Card,Airtel Thanks App,No,500 - 1500 ₹,No,Online Learning Platforms
2026-03-19 16:55:04.956,DHARUN K S,Male,B.Com,1st Year,Hostel,Urban,No,General,1000 - 2000 ₹,1000 - 2000 ₹,500 - 1000 ₹,3000 - 4000 ₹,Debit/Credit Card,SBI Pay,No,1500 - 3000 ₹,No,Online Learning Platforms
2026-03-19 16:55:53.721,GOWSHIKA S,Female,B.Com,1st Year,PG,Urban,No,CA,1000 - 2000 ₹,2000 - 3000 ₹,3000 - 4000 ₹,1000 - 2000 ₹,Cash,BHIM UPI,No,1500 - 3000 ₹,No,Books & Study Materials
2026-03-19 16:56:43.490,HARINE SHREE G,Female,BE / B.Tech,4th Year,Day Scholar,Urban,No,MDE,< 1000 ₹,< 500 ₹,< 500 ₹,< 500 ₹,UPI,BHIM UPI,No,500 - 1500 ₹,No,Software Tools
2026-03-19 16:57:31.875,HARSINI N,Female,ME / M.Tech,1st Year,PG,Urban,No,Cyber,2000 - 3000 ₹,3000 - 4000 ₹,2000 - 3000 ₹,3000 - 4000 ₹,Other,Amazon Pay,No,1500 - 3000 ₹,Yes,Online Learning Platforms
2026-03-19 16:58:22.579,JANANI K,Male,MBA,1st Year,Day Scholar,Urban,Yes,MBA,3000 - 4000 ₹,4000 - 5000 ₹,< 500 ₹,4000 - 5000 ₹,Debit/Credit Card,Amazon Pay,No,< 500 ₹,Yes,Online Learning Platforms
2026-03-19 17:03:40.718,KANIKA D,Female,BSc,2nd Year,Hostel,Rural,Yes,Math,1000 - 2000 ₹,1000 - 2000 ₹,1000 - 2000 ₹,2000 - 3000 ₹,Debit/Credit Card,SBI Pay,Yes,500 - 1500 ₹,Yes,Online Learning Platforms
2026-03-19 17:04:41.766,KIRUTHIKA T,Female,B.Com,1st Year,PG,Rural,No,PA,2000 - 3000 ₹,3000 - 4000 ₹,2000 - 3000 ₹,3000 - 4000 ₹,UPI,SBI Pay,Yes,500 - 1500 ₹,No,Internet & Data Packs
2026-03-19 17:05:35.329,ARUNA A,Female,B.Com,1st Year,PG,Rural,No,CA,1000 - 2000 ₹,3000 - 4000 ₹,3000 - 4000 ₹,4000 - 5000 ₹,Other,PhonePe,No,< 500 ₹,No,Online Learning Platforms
2026-03-19 17:06:28.992,AJITHKUMAR M,Male,B.Com,2nd Year,PG,Rural,No,CA,1000 - 2000 ₹,1000 - 2000 ₹,2000 - 3000 ₹,3000 - 4000 ₹,Debit/Credit Card,Airtel Thanks App,No,1500 - 3000 ₹,No,Online Learning Platforms
2026-03-19 17:07:22.818,PRADEEPA P,Female,ME / M.Tech,1st Year,Hostel,Rural,No,CSE,1000 - 2000 ₹,3000 - 4000 ₹,2000 - 3000 ₹,1000 - 2000 ₹,Debit/Credit Card,SBI Pay,Yes,500 - 1500 ₹,No,Books & Study Materials
2026-03-19 17:08:09.830,PRIYANKA S,Female,ME / M.Tech,1st Year,Day Scholar,Urban,No,AI,1000 - 2000 ₹,2000 - 3000 ₹,1000 - 2000 ₹,2000 - 3000 ₹,Debit/Credit Card,Airtel Thanks App,No,1500 - 3000 ₹,Yes,Online Learning Platforms
2026-03-19 17:11:48.978,RAJAKABILAN S,Male,B.Com,1st Year,Day Scholar,Urban,No,General,< 1000 ₹,3000 - 4000 ₹,500 - 1000 ₹,1000 - 2000 ₹,Cash,Amazon Pay,No,< 500 ₹,No,Books & Study Materials
2026-03-19 17:12:32.496,RANJITHA K,Female,ME / M.Tech,3rd Year,PG,Urban,No,Cyber,2000 - 3000 ₹,4000 - 5000 ₹,4000 - 5000 ₹,1000 - 2000 ₹,Cash,Amazon Pay,No,< 500 ₹,No,Online Learning Platforms
2026-03-19 18:53:37.657,Usha,Female,BE / B.Tech,1st Year,Day Scholar,Rural,No,IT,1000 - 2000 ₹,500 - 1000 ₹,500 - 1000 ₹,3000 - 4000 ₹,Cash,BHIM UPI,No,> 3000 ₹,No,Books & Study Materials
2026-03-19 19:13:21.464,Bhavatharani ,Female,BE / B.Tech,2nd Year,Day Scholar,Rural,Yes,EEE,< 1000 ₹,> 5000 ₹,> 5000 ₹,1000 - 2000 ₹,Cash,GPay,No,< 500 ₹,Yes,Books & Study Materials
2026-03-19 19:17:24.311,RITHANYA S S,Female,ME / M.Tech,1st Year,Day Scholar,Urban,Yes,IoT,2000 - 3000 ₹,> 5000 ₹,1000 - 2000 ₹,3000 - 4000 ₹,Other,BHIM UPI,No,< 500 ₹,No,Books & Study Materials
2026-03-19 19:18:08.321,Sakthi Dharshini ,Female,BSc,3rd Year,Day Scholar,Rural,Yes,Biotech,< 1000 ₹,2000 - 3000 ₹,2000 - 3000 ₹,4000 - 5000 ₹,UPI,GPay,No,500 - 1500 ₹,Yes,Online Learning Platforms
2026-03-19 19:18:37.843,SANDHIYA T,Female,B.Com,3rd Year,Day Scholar,Rural,Yes,General,2000 - 3000 ₹,3000 - 4000 ₹,4000 - 5000 ₹,500 - 1000 ₹,Cash,BHIM UPI,No,< 500 ₹,No,Books & Study Materials
2026-03-19 19:20:22.219,DURGA A,Female,BE / B.Tech,3rd Year,Day Scholar,Urban,Yes,Mechatronics,2000 - 3000 ₹,2000 - 3000 ₹,2000 - 3000 ₹,500 - 1000 ₹,UPI,GPay,Yes,500 - 1500 ₹,Yes,Books & Study Materials
2026-03-19 19:24:18.438,Sunmathi M,Female,B.Com,3rd Year,Day Scholar,Urban,Yes,PA,1000 - 2000 ₹,2000 - 3000 ₹,> 5000 ₹,3000 - 4000 ₹,Other,GPay,No,500 - 1500 ₹,No,Other
2026-03-19 19:26:26.842,Kowshika,Female,BE / B.Tech,3rd Year,PG,Rural,No,CSE,< 1000 ₹,< 500 ₹,< 500 ₹,< 500 ₹,UPI,PhonePe,Yes,< 500 ₹,Yes,Online Learning Platforms
2026-03-19 19:27:25.524,Pradeep Kumar ,Male,B.Com,4th Year,Hostel,Rural,Yes,CA,1000 - 2000 ₹,2000 - 3000 ₹,3000 - 4000 ₹,2000 - 3000 ₹,UPI,PhonePe,Yes,1500 - 3000 ₹,Yes,Software Tools
2026-03-19 19:30:35.224,Mohan prakash ,Male,Other,3rd Year,Hostel,Rural,Yes,Diploma eee,1000 - 2000 ₹,< 500 ₹,2000 - 3000 ₹,< 500 ₹,Cash,PhonePe,Yes,500 - 1500 ₹,Yes,Books & Study Materials
2026-03-19 19:33:07.427,yashvandhini.as,Female,BE / B.Tech,2nd Year,Day Scholar,Rural,Yes,EEE,3000 - 4000 ₹,> 5000 ₹,> 5000 ₹,> 5000 ₹,UPI,GPay,No,> 3000 ₹,Yes,Other
2026-03-19 19:34:06.932,Karkulazhali durga devi,Female,BE / B.Tech,2nd Year,Day Scholar,Rural,Yes,EEE,4000 - 5000 ₹,> 5000 ₹,> 5000 ₹,> 5000 ₹,UPI,GPay,No,> 3000 ₹,Yes,Other
2026-03-19 19:51:47.659,Naveen.P,Male,BE / B.Tech,2nd Year,Hostel,Rural,Yes,EEE,< 1000 ₹,< 500 ₹,< 500 ₹,< 500 ₹,UPI,GPay,Yes,< 500 ₹,Yes,Internet & Data Packs
2026-03-19 19:57:43.016,AKILAN ,Male,BE / B.Tech,2nd Year,Hostel,Urban,No,Other,> 5000 ₹,500 - 1000 ₹,> 5000 ₹,1000 - 2000 ₹,UPI,GPay,Yes,< 500 ₹,No,Online Learning Platforms
2026-03-19 20:03:26.488,Swathi preetha ,Female,BE / B.Tech,2nd Year,Day Scholar,Urban,No,CSE,1000 - 2000 ₹,< 500 ₹,> 5000 ₹,500 - 1000 ₹,UPI,GPay,No,1500 - 3000 ₹,Yes,Internet & Data Packs
2026-03-19 20:42:17.770,Dharani,Female,BE / B.Tech,3rd Year,PG,Urban,Yes,EEE,1000 - 2000 ₹,< 500 ₹,< 500 ₹,< 500 ₹,Cash,PhonePe,Yes,500 - 1500 ₹,Yes,Books & Study Materials
2026-03-19 20:43:33.933,Meenakshi M,Female,BE / B.Tech,1st Year,Day Scholar,Urban,No,IT,1000 - 2000 ₹,> 5000 ₹,> 5000 ₹,3000 - 4000 ₹,UPI,GPay,Yes,500 - 1500 ₹,Yes,Books & Study Materials
2026-03-19 20:44:36.035,Mahalakshmi P ,Female,BE / B.Tech,1st Year,Hostel,Urban,No,IT,1000 - 2000 ₹,500 - 1000 ₹,4000 - 5000 ₹,3000 - 4000 ₹,UPI,Other,Yes,< 500 ₹,Yes,Books & Study Materials
2026-03-19 20:45:41.180,Madhumitha S,Female,BE / B.Tech,1st Year,Day Scholar,Urban,No,EEE,< 1000 ₹,500 - 1000 ₹,> 5000 ₹,2000 - 3000 ₹,Cash,Other,Yes,500 - 1500 ₹,Yes,Books & Study Materials
2026-03-19 20:52:26.100,Aashika,Female,BE / B.Tech,2nd Year,Hostel,Rural,Yes,EEE,< 1000 ₹,500 - 1000 ₹,> 5000 ₹,500 - 1000 ₹,Cash,Other,Yes,500 - 1500 ₹,Yes,Books & Study Materials
2026-03-19 20:54:27.815,Manju shree,Female,BSc,3rd Year,Day Scholar,Rural,Yes,Other,1000 - 2000 ₹,< 500 ₹,> 5000 ₹,1000 - 2000 ₹,Cash,PhonePe,Yes,1500 - 3000 ₹,No,Software Tools
2026-03-19 21:03:17.595,Subas S Benhar Paul ,Male,BSc,1st Year,Day Scholar,Urban,No,Other,2000 - 3000 ₹,3000 - 4000 ₹,2000 - 3000 ₹,1000 - 2000 ₹,UPI,GPay,Yes,500 - 1500 ₹,Yes,Software Tools
2026-03-19 21:09:36.118,Sudharsan P ,Male,BE / B.Tech,2nd Year,Day Scholar,Rural,No,CSE,4000 - 5000 ₹,2000 - 3000 ₹,< 500 ₹,500 - 1000 ₹,Cash,GPay,Yes,1500 - 3000 ₹,Yes,Other
2026-03-19 21:10:42.204,sharan e ,Male,BE / B.Tech,2nd Year,Day Scholar,Rural,No,EEE,4000 - 5000 ₹,3000 - 4000 ₹,4000 - 5000 ₹,4000 - 5000 ₹,UPI,GPay,Yes,500 - 1500 ₹,No,Other
2026-03-19 21:20:46.274,Varshini.V,Female,Other,3rd Year,Day Scholar,Urban,No,Finance marketing,> 5000 ₹,500 - 1000 ₹,3000 - 4000 ₹,1000 - 2000 ₹,Cash,GPay,Yes,1500 - 3000 ₹,Yes,Online Learning Platforms
2026-03-19 21:26:10.406,Kiruthika.V,Female,BE / B.Tech,3rd Year,Day Scholar,Urban,Yes,CSE,3000 - 4000 ₹,2000 - 3000 ₹,4000 - 5000 ₹,2000 - 3000 ₹,Cash,GPay,Yes,500 - 1500 ₹,Yes,Books & Study Materials
2026-03-19 21:38:08.645,Tarunika,Female,BE / B.Tech,2nd Year,Hostel,Urban,No,CSE,2000 - 3000 ₹,> 5000 ₹,> 5000 ₹,1000 - 2000 ₹,Cash,Not Applicable,No,500 - 1500 ₹,Yes,Online Learning Platforms
2026-03-19 21:39:18.269,Sobiya,Female,BE / B.Tech,2nd Year,Hostel,Urban,No,CSE,2000 - 3000 ₹,3000 - 4000 ₹,500 - 1000 ₹,1000 - 2000 ₹,Cash,Not Applicable,Yes,500 - 1500 ₹,Yes,Online Learning Platforms
2026-03-19 21:40:46.188,Nila,Female,BE / B.Tech,2nd Year,Hostel,Rural,No,IT,2000 - 3000 ₹,> 5000 ₹,> 5000 ₹,1000 - 2000 ₹,Cash,Not Applicable,No,1500 - 3000 ₹,No,Software Tools
2026-03-19 22:05:19.709,Nishant ,Male,BSc,3rd Year,Day Scholar,Rural,Yes,Other,< 1000 ₹,< 500 ₹,2000 - 3000 ₹,3000 - 4000 ₹,UPI,PhonePe,Yes,500 - 1500 ₹,Yes,Internet & Data Packs
2026-03-19 22:06:31.949,Dharnesh,Male,BE / B.Tech,2nd Year,Hostel,Rural,Yes,EEE,< 1000 ₹,< 500 ₹,1000 - 2000 ₹,3000 - 4000 ₹,UPI,PhonePe,Yes,1500 - 3000 ₹,Yes,Software Tools
2026-03-19 22:08:44.979,S.gokul,Male,BSc,3rd Year,Day Scholar,Rural,Yes,Physics,1000 - 2000 ₹,< 500 ₹,1000 - 2000 ₹,3000 - 4000 ₹,UPI,GPay,Yes,500 - 1500 ₹,Yes,Books & Study Materials
2026-03-19 22:12:10.534,Dhivya,Female,Other,3rd Year,Day Scholar,Rural,No,Law,2000 - 3000 ₹,3000 - 4000 ₹,< 500 ₹,3000 - 4000 ₹,UPI,GPay,Yes,< 500 ₹,No,Online Learning Platforms
2026-03-19 22:15:49.526,Savitha S,Female,B.Com,1st Year,Day Scholar,Urban,No,A & F,3000 - 4000 ₹,3000 - 4000 ₹,3000 - 4000 ₹,2000 - 3000 ₹,Cash,SBI Pay,No,< 500 ₹,Yes,Internet & Data Packs
2026-03-19 22:16:46.617,Shrikrishna R,Male,ME / M.Tech,2nd Year,Day Scholar,Urban,Yes,IoT,4000 - 5000 ₹,3000 - 4000 ₹,3000 - 4000 ₹,4000 - 5000 ₹,Debit/Credit Card,Airtel Thanks App,Yes,1500 - 3000 ₹,No,Books & Study Materials
2026-03-19 22:17:38.916,Sanjeev H,Male,MBA,1st Year,PG,Rural,No,MBA,> 5000 ₹,> 5000 ₹,1000 - 2000 ₹,< 500 ₹,Debit/Credit Card,Not Applicable,No,1500 - 3000 ₹,No,Other
2026-03-19 22:18:48.146,Yuva Shree J,Female,MBA,2nd Year,PG,Urban,Yes,MBA,> 5000 ₹,2000 - 3000 ₹,4000 - 5000 ₹,3000 - 4000 ₹,Debit/Credit Card,Airtel Thanks App,No,> 3000 ₹,No,Online Learning Platforms
2026-03-19 22:19:23.207,Vinoth Kumar,Male,BE / B.Tech,4th Year,Day Scholar,Urban,Yes,Mechatronics,4000 - 5000 ₹,3000 - 4000 ₹,2000 - 3000 ₹,> 5000 ₹,Other,Amazon Pay,Yes,> 3000 ₹,No,Internet & Data Packs
2026-03-19 22:19:59.347,Varnika S,Female,MBA,4th Year,Day Scholar,Rural,No,BA,3000 - 4000 ₹,3000 - 4000 ₹,4000 - 5000 ₹,3000 - 4000 ₹,Cash,Not Applicable,Yes,1500 - 3000 ₹,No,Other
2026-03-19 22:20:38.610,Tharan Raj ,Male,BE / B.Tech,4th Year,Day Scholar,Urban,Yes,Mechatronics,4000 - 5000 ₹,2000 - 3000 ₹,4000 - 5000 ₹,> 5000 ₹,Other,Other,No,1500 - 3000 ₹,No,Online Learning Platforms
2026-03-19 22:21:15.022,Sujan J,Male,MBA,2nd Year,Day Scholar,Rural,No,BA,4000 - 5000 ₹,4000 - 5000 ₹,4000 - 5000 ₹,4000 - 5000 ₹,Debit/Credit Card,SBI Pay,Yes,1500 - 3000 ₹,No,Internet & Data Packs
2026-03-19 22:21:59.395,Sunfiya A,Female,ME / M.Tech,2nd Year,Hostel,Urban,No,Cloud,4000 - 5000 ₹,1000 - 2000 ₹,1000 - 2000 ₹,< 500 ₹,Debit/Credit Card,Not Applicable,Yes,500 - 1500 ₹,Yes,Online Learning Platforms
2026-03-19 22:22:49.961,Nikitha A,Female,ME / M.Tech,2nd Year,Day Scholar,Rural,Yes,IoT,4000 - 5000 ₹,3000 - 4000 ₹,> 5000 ₹,< 500 ₹,UPI,Airtel Thanks App,No,1500 - 3000 ₹,No,Online Learning Platforms
2026-03-19 22:23:28.293,Ramya S,Female,ME / M.Tech,2nd Year,Hostel,Rural,Yes,IoT,4000 - 5000 ₹,4000 - 5000 ₹,500 - 1000 ₹,2000 - 3000 ₹,Other,SBI Pay,Yes,< 500 ₹,No,Internet & Data Packs
2026-03-19 22:24:20.196,Madhyam S,Female,B.Com,3rd Year,Hostel,Rural,Yes,A & F,3000 - 4000 ₹,3000 - 4000 ₹,4000 - 5000 ₹,> 5000 ₹,Cash,Other,No,500 - 1500 ₹,Yes,Online Learning Platforms
2026-03-19 22:25:01.104,Anushri J,Female,ME / M.Tech,1st Year,Day Scholar,Rural,Yes,Cloud,4000 - 5000 ₹,3000 - 4000 ₹,> 5000 ₹,4000 - 5000 ₹,Other,Other,Yes,500 - 1500 ₹,No,Online Learning Platforms
2026-03-19 22:25:48.700,Ashvanth B,Male,BE / B.Tech,2nd Year,PG,Urban,No,Mechatronics,4000 - 5000 ₹,3000 - 4000 ₹,4000 - 5000 ₹,> 5000 ₹,Debit/Credit Card,PhonePe,No,500 - 1500 ₹,Yes,Online Learning Platforms
2026-03-19 22:26:25.824,Kannika S,Female,BSc,2nd Year,Day Scholar,Urban,No,Other,3000 - 4000 ₹,3000 - 4000 ₹,4000 - 5000 ₹,3000 - 4000 ₹,Cash,SBI Pay,No,1500 - 3000 ₹,Yes,Online Learning Platforms
2026-03-19 22:27:01.616,Shrimila S,Female,MBA,4th Year,Day Scholar,Urban,No,Marketing,3000 - 4000 ₹,2000 - 3000 ₹,1000 - 2000 ₹,> 5000 ₹,UPI,Airtel Thanks App,Yes,500 - 1500 ₹,Yes,Software Tools
2026-03-19 22:27:38.655,Varshini C,Female,ME / M.Tech,1st Year,Hostel,Rural,Yes,Cloud,3000 - 4000 ₹,3000 - 4000 ₹,3000 - 4000 ₹,4000 - 5000 ₹,Other,SBI Pay,Yes,< 500 ₹,Yes,Internet & Data Packs
2026-03-19 22:29:44.013,Deepa S,Female,BE / B.Tech,4th Year,PG,Rural,No,Mechatronics,4000 - 5000 ₹,3000 - 4000 ₹,> 5000 ₹,4000 - 5000 ₹,Debit/Credit Card,Other,No,> 3000 ₹,Yes,Books & Study Materials
2026-03-19 22:30:24.537,Deepak D,Male,ME / M.Tech,2nd Year,PG,Urban,Yes,Cloud,4000 - 5000 ₹,3000 - 4000 ₹,> 5000 ₹,4000 - 5000 ₹,Debit/Credit Card,SBI Pay,No,500 - 1500 ₹,No,Internet & Data Packs
2026-03-19 22:31:09.673,Kanna Meri M,Female,ME / M.Tech,2nd Year,Day Scholar,Rural,Yes,IoT,4000 - 5000 ₹,3000 - 4000 ₹,3000 - 4000 ₹,1000 - 2000 ₹,Other,Amazon Pay,No,500 - 1500 ₹,No,Software Tools
2026-03-19 22:32:01.214,Kirti Sion H,Female,MBA,2nd Year,Day Scholar,Rural,No,HR,4000 - 5000 ₹,4000 - 5000 ₹,> 5000 ₹,1000 - 2000 ₹,Other,Airtel Thanks App,Yes,1500 - 3000 ₹,No,Internet & Data Packs
2026-03-19 22:32:46.947,Shauchalay D,Male,ME / M.Tech,2nd Year,Day Scholar,Urban,Yes,Cloud,4000 - 5000 ₹,> 5000 ₹,> 5000 ₹,4000 - 5000 ₹,Other,SBI Pay,No,< 500 ₹,Yes,Online Learning Platforms
2026-03-19 22:33:28.663,Tamil Selvi S,Female,ME / M.Tech,2nd Year,Day Scholar,Urban,Yes,Other,4000 - 5000 ₹,4000 - 5000 ₹,> 5000 ₹,500 - 1000 ₹,Other,Not Applicable,No,1500 - 3000 ₹,No,Online Learning Platforms
2026-03-19 22:34:56.565,Vishnu Priya ,Female,BSc,2nd Year,Day Scholar,Urban,Yes,Biotech,4000 - 5000 ₹,< 500 ₹,< 500 ₹,1000 - 2000 ₹,Other,PhonePe,Yes,500 - 1500 ₹,No,Internet & Data Packs
2026-03-19 22:35:32.756,Mahesh B,Male,BE / B.Tech,3rd Year,Day Scholar,Urban,No,Mechatronics,4000 - 5000 ₹,2000 - 3000 ₹,2000 - 3000 ₹,3000 - 4000 ₹,Other,Other,No,> 3000 ₹,No,Books & Study Materials
2026-03-19 22:36:30.152,Priya Shreshth ,Female,BE / B.Tech,1st Year,PG,Rural,No,Mechatronics,4000 - 5000 ₹,3000 - 4000 ₹,3000 - 4000 ₹,2000 - 3000 ₹,Other,Airtel Thanks App,No,> 3000 ₹,No,Software Tools
2026-03-20 09:07:49.826,Sri poorani K ,Female,BE / B.Tech,3rd Year,Hostel,Urban,No,BME,1000 - 2000 ₹,500 - 1000 ₹,2000 - 3000 ₹,500 - 1000 ₹,UPI,GPay,No,500 - 1500 ₹,No,Books & Study Materials
2026-03-20 10:28:47.097,DEEPAK G,Male,MBA,2nd Year,PG,Urban,No,Marketing,1000 - 2000 ₹,500 - 1000 ₹,500 - 1000 ₹,2000 - 3000 ₹,Cash,Not Applicable,No,< 500 ₹,No,Online Learning Platforms
2026-03-20 10:50:44.345,ENIYAN M,Male,BSc,1st Year,PG,Urban,No,Math,< 1000 ₹,< 500 ₹,1000 - 2000 ₹,1000 - 2000 ₹,Other,GPay,No,< 500 ₹,No,Online Learning Platforms
2026-03-20 10:51:37.776,GOPIKA S,Female,B.Com,3rd Year,PG,Rural,Yes,A & F,2000 - 3000 ₹,3000 - 4000 ₹,2000 - 3000 ₹,2000 - 3000 ₹,Other,BHIM UPI,No,< 500 ₹,Yes,Software Tools
2026-03-20 10:52:24.230,HARINE SHREE G,Female,B.Com,1st Year,Day Scholar,Rural,No,General,2000 - 3000 ₹,< 500 ₹,2000 - 3000 ₹,3000 - 4000 ₹,Other,Not Applicable,Yes,> 3000 ₹,Yes,Other
2026-03-20 10:53:13.428,HEMALATHA M,Female,ME / M.Tech,2nd Year,Day Scholar,Rural,No,Cyber,1000 - 2000 ₹,3000 - 4000 ₹,2000 - 3000 ₹,1000 - 2000 ₹,Debit/Credit Card,Airtel Thanks App,Yes,< 500 ₹,Yes,Books & Study Materials
2026-03-20 10:54:02.754,JAIAKASH S,Male,ME / M.Tech,2nd Year,Hostel,Urban,Yes,AI,2000 - 3000 ₹,1000 - 2000 ₹,< 500 ₹,3000 - 4000 ₹,Debit/Credit Card,GPay,Yes,1500 - 3000 ₹,Yes,Books & Study Materials
2026-03-20 10:55:22.393,JAYAPRIYA R,Female,BE / B.Tech,1st Year,PG,Rural,Yes,BME,< 1000 ₹,3000 - 4000 ₹,2000 - 3000 ₹,500 - 1000 ₹,UPI,SBI Pay,No,< 500 ₹,No,Software Tools
2026-03-20 10:56:24.891,KARTHICK C,Male,BE / B.Tech,1st Year,Hostel,Rural,No,BME,1000 - 2000 ₹,4000 - 5000 ₹,4000 - 5000 ₹,2000 - 3000 ₹,Cash,Amazon Pay,No,< 500 ₹,No,Internet & Data Packs
2026-03-20 10:57:30.426,LALITH K,Male,ME / M.Tech,1st Year,Hostel,Rural,No,Cyber,2000 - 3000 ₹,3000 - 4000 ₹,500 - 1000 ₹,500 - 1000 ₹,UPI,PhonePe,Yes,500 - 1500 ₹,No,Books & Study Materials
2026-03-20 10:58:15.983,Unnamalai AL,Female,BE / B.Tech,1st Year,Day Scholar,Rural,No,BME,1000 - 2000 ₹,3000 - 4000 ₹,1000 - 2000 ₹,500 - 1000 ₹,Cash,GPay,No,< 500 ₹,No,Software Tools
2026-03-20 10:59:40.467,Meena R,Female,BSc,1st Year,Day Scholar,Rural,No,Stats,< 1000 ₹,1000 - 2000 ₹,2000 - 3000 ₹,4000 - 5000 ₹,Other,SBI Pay,Yes,500 - 1500 ₹,No,Online Learning Platforms
2026-03-21 08:45:06.546,Bhavani S,Female,BE / B.Tech,3rd Year,Hostel,Rural,No,CSE,> 5000 ₹,500 - 1000 ₹,> 5000 ₹,1000 - 2000 ₹,Other,GPay,No,500 - 1500 ₹,Yes,Software Tools
