Timestamp,Student Name,Gender,Degree,Year of Study,Accommodation,Background,Work/Internship,Specialization,Food,Transport,Academic,Other,Total Expenses,Allowance,Savings,Budget Usage %,Preferred Payment,UPI App,Track Digitally,Budget Plan,Study Focus
2026-02-21 14:07:05.277,Meyyappan,Male,BE / B.Tech,2nd Year,Day Scholar,Rural,No,CSE,1500,6250,2500,2500,12750,2250,-10500,566.7,UPI,Amazon Pay,No,Yes,Internet & Data Packs
2026-02-21 15:55:10.195,Hemanath ,Male,BE / B.Tech,2nd Year,Day Scholar,Rural,No,Mechatronics,6250,1500,4500,6250,18500,1000,-17500,1850.0,Cash,GPay,Yes,Yes,Books & Study Materials
2026-02-21 16:56:32.080,S.deivanai,Female,BSc,1st Year,Day Scholar,Urban,No,Other,500,1500,6250,4500,12750,1000,-11750,1275.0,UPI,GPay,No,No,Books & Study Materials
2026-02-21 17:03:39.930,Sowmiya Devi ,Female,BSc,1st Year,Day Scholar,Rural,No,Other,4500,6250,6250,750,17750,3750,-14000,473.3,UPI,PhonePe,No,Yes,Books & Study Materials
2026-02-21 17:17:09.803,R.Meenakshi,Female,Other,4th Year,Hostel,Rural,No,Physiotherapy,6250,6250,6250,750,19500,250,-19250,7800.0,Cash,Other,No,No,Books & Study Materials
2026-02-21 17:49:03.791,Mahalakshmi Vallimayil ,Female,B.Com,1st Year,Day Scholar,Rural,No,General,6250,750,3500,4500,15000,3750,-11250,400.0,Cash,Other,Yes,Yes,Books & Study Materials
2026-02-21 18:05:57.897,V.Balaji,Male,Other,4th Year,Day Scholar,Urban,Yes,BPT,4500,3500,4500,4500,17000,2250,-14750,755.6,Cash,GPay,Yes,Yes,Books & Study Materials
2026-02-21 18:11:57.351,Mahendiran.l,Male,Other,4th Year,Hostel,Rural,No,PG,500,250,2500,250,3500,1000,-2500,350.0,UPI,GPay,No,Yes,Books & Study Materials
2026-02-21 18:18:54.480,Meenaloshini ,Female,B.Com,1st Year,PG,Urban,No,CA,500,250,250,750,1750,250,-1500,700.0,Cash,GPay,No,Yes,Books & Study Materials
2026-02-21 18:24:40.866,Gopika. M,Female,BSc,1st Year,Day Scholar,Urban,No,Other,1500,250,250,750,2750,1000,-1750,275.0,Cash,Other,No,No,Online Learning Platforms
2026-02-21 18:27:52.020,T.Santhiya,Female,B.Com,1st Year,Day Scholar,Rural,Yes,General,3500,250,250,250,4250,2250,-2000,188.9,Cash,GPay,Yes,Yes,Books & Study Materials
2026-02-21 18:33:32.426,U.Mahalakshmi ,Female,B.Com,1st Year,Day Scholar,Rural,No,General,500,250,750,250,1750,250,-1500,700.0,UPI,GPay,No,Yes,Books & Study Materials
2026-02-21 18:58:25.948,Harini. M,Female,BSc,2nd Year,Day Scholar,Urban,No,Other,500,3500,6250,4500,14750,1000,-13750,1475.0,UPI,GPay,Yes,No,Books & Study Materials
2026-02-21 19:07:53.682,K. Inthuja ,Female,B.Com,1st Year,Day Scholar,Rural,No,General,500,250,750,250,1750,250,-1500,700.0,Cash,GPay,No,Yes,Online Learning Platforms
2026-02-21 19:14:00.269,Bhava dharini ,Female,B.Com,1st Year,Day Scholar,Rural,Yes,CA,1500,750,1500,2500,6250,250,-6000,2500.0,UPI,GPay,Yes,Yes,Books & Study Materials
2026-02-21 20:05:02.708,T.karthika,Female,B.Com,1st Year,Day Scholar,Rural,Yes,General,1500,750,2500,2500,7250,3750,-3500,193.3,Cash,GPay,No,Yes,Internet & Data Packs
2026-02-21 20:17:27.919,S. Mahalakshmi,Female,B.Com,1st Year,Day Scholar,Rural,No,General,500,250,750,750,2250,1000,-1250,225.0,Cash,Other,No,No,Other
2026-02-21 21:13:15.268,Abinaya,Female,B.Com,1st Year,Hostel,Urban,No,General,1500,750,750,750,3750,1000,-2750,375.0,Cash,GPay,Yes,Yes,Books & Study Materials
2026-02-21 23:41:31.120,Saranya,Female,B.Com,3rd Year,Day Scholar,Urban,Yes,CA,1500,1500,6250,1500,10750,250,-10500,4300.0,UPI,GPay,Yes,No,Online Learning Platforms
2026-02-22 15:02:19.483,Poojith,Male,BE / B.Tech,2nd Year,Day Scholar,Urban,No,ECE,2500,2500,4500,1500,11000,250,-10750,4400.0,UPI,Other,Yes,No,Internet & Data Packs
2026-02-23 17:00:58.689,Umapathy palaniappan ,Male,Other,2nd Year,Day Scholar,Urban,No,BACHELOR OF BUSINESS ADMINISTRATION,4500,250,2500,250,7500,1000,-6500,750.0,Cash,GPay,Yes,No,Online Learning Platforms
2026-02-23 17:27:48.538,Muthu Srinivasan ,Female,Other,2nd Year,Day Scholar,Rural,Yes,M. Com,3500,750,1500,750,6500,1000,-5500,650.0,UPI,PhonePe,No,Yes,Books & Study Materials
2026-02-23 17:38:48.966,Rohin,Male,BE / B.Tech,1st Year,Day Scholar,Urban,No,Civil,2500,6250,6250,1500,16500,2250,-14250,733.3,UPI,PhonePe,Yes,Yes,Internet & Data Packs
2026-02-23 17:42:03.221,Sai vardhan ,Male,BE / B.Tech,2nd Year,Hostel,Rural,No,Other,6250,250,6250,1500,14250,2250,-12000,633.3,UPI,PhonePe,Yes,Yes,Other
2026-02-23 17:46:08.597,K. Rohith Varma ,Male,BE / B.Tech,2nd Year,Hostel,Urban,No,CSE,500,750,2500,1500,5250,1000,-4250,525.0,UPI,PhonePe,Yes,No,Online Learning Platforms
2026-02-23 17:48:50.783,DASU SAI HARI HARAN,Male,BE / B.Tech,2nd Year,PG,Urban,No,Other,6250,1500,1500,1500,10750,3750,-7000,286.7,UPI,PhonePe,Yes,Yes,Books & Study Materials
2026-02-23 17:48:55.447,Sohan,Male,Other,2nd Year,Day Scholar,Urban,No,Bba,3500,750,3500,3500,11250,1000,-10250,1125.0,Other,PhonePe,Yes,No,Other
2026-02-23 17:52:47.910,Saksham,Male,BE / B.Tech,2nd Year,Hostel,Urban,No,Other,6250,1500,2500,2500,12750,3750,-9000,340.0,UPI,SBI Pay,Yes,Yes,Internet & Data Packs
2026-02-23 17:56:19.658,Mohan Sai,Male,BE / B.Tech,2nd Year,PG,Urban,Yes,Cyber Security,1500,1500,6250,1500,10750,3750,-7000,286.7,UPI,PhonePe,Yes,Yes,Online Learning Platforms
2026-02-23 17:57:17.173,Manideeph ,Male,BE / B.Tech,2nd Year,Day Scholar,Urban,No,Mech,1500,6250,6250,1500,15500,1000,-14500,1550.0,UPI,GPay,Yes,Yes,Online Learning Platforms
2026-02-23 17:59:31.455,Uma santhosh ,Male,BE / B.Tech,1st Year,PG,Urban,No,IT,6250,250,6250,6250,19000,3750,-15250,506.7,Other,Other,Yes,Yes,Other
2026-02-23 18:00:07.226,P.NIKHIL MANIKANTA VARMA,Male,BE / B.Tech,1st Year,Day Scholar,Rural,No,ECE,1500,4500,4500,2500,13000,250,-12750,5200.0,Cash,Other,No,Yes,Books & Study Materials
2026-02-23 18:00:34.458,Srivalli,Female,BE / B.Tech,2nd Year,PG,Urban,No,CSE,3500,750,6250,1500,12000,3750,-8250,320.0,UPI,PhonePe,Yes,Yes,Online Learning Platforms
2026-02-23 18:02:18.254,VIJJAVARAPU THANOJ ,Male,BE / B.Tech,1st Year,Day Scholar,Rural,No,CSE,500,2500,1500,250,4750,1000,-3750,475.0,Debit/Credit Card,PhonePe,No,No,Books & Study Materials
2026-02-23 18:02:43.115,Srikanth vegi ,Male,BE / B.Tech,3rd Year,Day Scholar,Urban,No,CSE,500,250,6250,250,7250,1000,-6250,725.0,UPI,PhonePe,Yes,Yes,Software Tools
2026-02-23 18:04:33.168,B Varshit ,Male,BE / B.Tech,3rd Year,Day Scholar,Urban,No,Mech,1500,2500,1500,1500,7000,2250,-4750,311.1,UPI,PhonePe,Yes,Yes,Books & Study Materials
2026-02-23 18:08:15.487,Kushwanth ,Male,BE / B.Tech,2nd Year,Day Scholar,Urban,No,CSE,4500,250,750,3500,9000,1000,-8000,900.0,UPI,Amazon Pay,Yes,No,Other
2026-02-23 18:13:58.729,D varun kumar,Male,BE / B.Tech,2nd Year,Day Scholar,Urban,No,Mech,2500,2500,2500,2500,10000,2250,-7750,444.4,Cash,Not Applicable,No,Yes,Online Learning Platforms
2026-02-23 18:25:05.359,Pullatikurthi Purna khoushik sai ,Male,BE / B.Tech,2nd Year,PG,Urban,No,Other,6250,750,1500,3500,12000,3750,-8250,320.0,UPI,PhonePe,No,No,Books & Study Materials
2026-02-23 18:35:23.261,Saima ,Female,Other,2nd Year,Day Scholar,Urban,No,BBA,500,750,1500,750,3500,1000,-2500,350.0,UPI,PhonePe,Yes,Yes,Other
2026-02-23 19:10:11.680,M.kumar,Male,BE / B.Tech,4th Year,Day Scholar,Rural,Yes,Civil,6250,6250,6250,6250,25000,2250,-22750,1111.1,Debit/Credit Card,SBI Pay,Yes,Yes,Books & Study Materials
2026-02-23 19:21:02.454,Singupuram Chaitanya Kumar ,Male,BE / B.Tech,2nd Year,Day Scholar,Urban,No,CSE,3500,6250,4500,3500,17750,3750,-14000,473.3,UPI,GPay,Yes,Yes,Online Learning Platforms
2026-02-23 20:27:51.545,Jitendar ,Male,B.Com,2nd Year,Day Scholar,Rural,No,PA,1500,250,6250,250,8250,2250,-6000,366.7,Cash,Not Applicable,No,No,Other
2026-02-23 20:29:44.811,Ramesh,Male,B.Com,1st Year,Hostel,Urban,Yes,A & F,500,250,4500,250,5500,1000,-4500,550.0,UPI,GPay,Yes,Yes,Other
2026-02-23 20:30:33.628,Preeti,Female,BE / B.Tech,3rd Year,PG,Urban,No,Civil,1500,750,6250,6250,14750,3750,-11000,393.3,UPI,PhonePe,Yes,No,Internet & Data Packs
2026-02-23 21:11:59.418,MANOJ K S,Male,Other,1st Year,Day Scholar,Urban,No,M.COM,500,2500,1500,750,5250,2250,-3000,233.3,UPI,GPay,Yes,Yes,Books & Study Materials
2026-02-23 21:32:41.449,Ankit Sahu ,Male,BE / B.Tech,2nd Year,Day Scholar,Urban,No,Mech,1500,1500,2500,1500,7000,3750,-3250,186.7,UPI,GPay,No,No,Other
2026-02-23 21:37:59.797,Sittu S,Female,MBA,4th Year,PG,Urban,No,Finance,4500,750,4500,2500,12250,250,-12000,4900.0,UPI,PhonePe,Yes,Yes,Online Learning Platforms
2026-02-23 22:40:41.712,Shreeja Kamanaboina ,Female,BE / B.Tech,2nd Year,Day Scholar,Urban,No,CSE,500,2500,6250,1500,10750,2250,-8500,477.8,Cash,PhonePe,Yes,Yes,Other
2026-02-23 23:02:23.205,Sri koushika viswakarma ,Female,BE / B.Tech,2nd Year,PG,Rural,No,Other,4500,1500,750,1500,8250,3750,-4500,220.0,UPI,GPay,Yes,No,Books & Study Materials
2026-02-24 08:15:04.000,Nandha ,Male,ME / M.Tech,2nd Year,Hostel,Urban,Yes,Cyber,2500,2500,3500,4500,13000,3750,-9250,346.7,Debit/Credit Card,GPay,Yes,Yes,Software Tools
2026-02-24 10:44:40.817,Nithya S,Female,ME / M.Tech,2nd Year,Day Scholar,Rural,Yes,DS,3500,1500,4500,750,10250,2250,-8000,455.6,UPI,BHIM UPI,Yes,Yes,Internet & Data Packs
2026-02-24 11:40:41.780,Prathiev N P,Male,ME / M.Tech,1st Year,Hostel,Urban,Yes,IoT,2500,3500,250,3500,9750,3750,-6000,260.0,UPI,Not Applicable,Yes,Yes,Online Learning Platforms
2026-02-24 11:41:09.532,Navesh K,Male,BE / B.Tech,2nd Year,Day Scholar,Urban,No,CSE,3500,3500,4500,6250,17750,250,-17500,7100.0,UPI,GPay,No,No,Other
2026-02-24 11:41:22.877,Mohanapriyan B,Male,BE / B.Tech,2nd Year,Day Scholar,Urban,No,CSE,4500,3500,6250,6250,20500,250,-20250,8200.0,UPI,GPay,No,No,Other
2026-02-24 11:41:25.251,Logesh G,Male,BE / B.Tech,2nd Year,Hostel,Urban,No,CSE,6250,6250,4500,3500,20500,1000,-19500,2050.0,UPI,GPay,No,No,Other
2026-02-24 12:43:26.349,Raghu,Male,BE / B.Tech,3rd Year,Day Scholar,Rural,No,CSE,1500,4500,2500,4500,13000,1000,-12000,1300.0,UPI,PhonePe,No,No,Books & Study Materials
2026-02-24 13:00:39.103,Kabilan M,Male,Other,2nd Year,PG,Urban,No,B.Arch,4500,2500,2500,3500,13000,3750,-9250,346.7,Cash,Not Applicable,Yes,Yes,Software Tools
2026-02-24 13:15:25.529,Yashvanth ,Male,ME / M.Tech,2nd Year,Hostel,Urban,No,Cyber,2500,1500,2500,2500,9000,1000,-8000,900.0,UPI,GPay,Yes,Yes,Internet & Data Packs
2026-02-24 14:41:31.972,Mukil,Male,ME / M.Tech,2nd Year,Day Scholar,Rural,Yes,Cyber,1500,750,2500,1500,6250,250,-6000,2500.0,Cash,PhonePe,Yes,Yes,Online Learning Platforms
2026-02-25 18:30:35.411,Bharani A,Male,MBA,2nd Year,Day Scholar,Urban,No,Finance,1500,3500,1500,750,7250,250,-7000,2900.0,Cash,BHIM UPI,Yes,Yes,Software Tools
2026-02-25 18:32:31.848,Deepanaa C,Male,B.Com,1st Year,PG,Rural,Yes,CA,2500,1500,250,3500,7750,250,-7500,3100.0,Debit/Credit Card,SBI Pay,Yes,Yes,Online Learning Platforms
2026-02-25 18:33:30.416,Charu S,Female,BE / B.Tech,3rd Year,Day Scholar,Urban,Yes,MDE,1500,2500,3500,750,8250,250,-8000,3300.0,Cash,Amazon Pay,Yes,Yes,Online Learning Platforms
2026-02-25 18:34:22.224,Navin Kumar D,Male,BSc,3rd Year,Day Scholar,Rural,Yes,Physics,2500,1500,1500,2500,8000,2250,-5750,355.6,Debit/Credit Card,PhonePe,Yes,Yes,Software Tools
2026-02-25 18:35:29.372,Bhava K,Female,ME / M.Tech,1st Year,PG,Rural,Yes,Cyber,1500,2500,750,6250,11000,2250,-8750,488.9,Debit/Credit Card,BHIM UPI,Yes,Yes,Online Learning Platforms
2026-02-25 18:36:45.886,Mohan P,Male,BSc,3rd Year,PG,Urban,Yes,Chemistry,1500,3500,4500,2500,12000,1000,-11000,1200.0,Cash,PhonePe,No,Yes,Online Learning Platforms
2026-02-25 18:41:24.422,Swathi D,Female,ME / M.Tech,1st Year,PG,Rural,Yes,Cyber,500,250,250,250,1250,1000,-250,125.0,UPI,PhonePe,Yes,Yes,Books & Study Materials
2026-02-25 18:44:22.160,Pooja Shree V,Female,B.Com,2nd Year,Hostel,Rural,Yes,CA,500,3500,3500,4500,12000,250,-11750,4800.0,Debit/Credit Card,PhonePe,Yes,Yes,Software Tools
2026-02-25 18:45:25.757,Rohit S,Male,MBA,1st Year,PG,Rural,Yes,Other,1500,2500,750,1500,6250,250,-6000,2500.0,Cash,PhonePe,Yes,Yes,Online Learning Platforms
2026-02-25 19:30:12.959,Aakash A ,Male,BE / B.Tech,2nd Year,Day Scholar,Rural,Yes,AI & DS,2500,2500,2500,1500,9000,2250,-6750,400.0,UPI,GPay,Yes,No,Online Learning Platforms
2026-02-25 19:31:18.581,Harish S,Male,BE / B.Tech,2nd Year,Day Scholar,Rural,Yes,AI & DS,2500,2500,2500,2500,10000,2250,-7750,444.4,UPI,GPay,Yes,No,Software Tools
2026-02-26 21:34:38.908,ROHIT SP ,Male,Other,2nd Year,Day Scholar,Urban,Yes,ABOUT ME,6250,4500,4500,6250,21500,3750,-17750,573.3,UPI,GPay,Yes,Yes,Other
2026-02-27 08:24:04.499,Anuritha ,Female,MBA,1st Year,Day Scholar,Urban,No,Finance,6250,4500,6250,1500,18500,3750,-14750,493.3,UPI,GPay,No,No,Other
2026-02-27 18:02:40.220,Suganth C,Male,B.Com,1st Year,PG,Urban,Yes,PA,2500,3500,1500,2500,10000,1000,-9000,1000.0,UPI,Amazon Pay,Yes,Yes,Online Learning Platforms
2026-03-10 17:10:52.730,P Niestchal Dheeraj' ,Male,BE / B.Tech,2nd Year,Day Scholar,Urban,No,Other,500,750,6250,250,7750,250,-7500,3100.0,UPI,PhonePe,No,No,Online Learning Platforms
2026-03-11 16:52:34.509,Ramesh P,Male,ME / M.Tech,2nd Year,Hostel,Urban,Yes,CSE,2500,3500,3500,1500,11000,2250,-8750,488.9,Debit/Credit Card,SBI Pay,Yes,Yes,Internet & Data Packs
2026-03-11 16:53:15.238,Suresh M,Male,B.Com,2nd Year,Day Scholar,Rural,Yes,A & F,1500,6250,4500,2500,14750,2250,-12500,655.6,Cash,SBI Pay,No,No,Internet & Data Packs
2026-03-11 16:54:25.934,Shivaraj Kumari H,Female,ME / M.Tech,1st Year,PG,Urban,No,CSE,3500,3500,4500,6250,17750,250,-17500,7100.0,Debit/Credit Card,Amazon Pay,No,Yes,Internet & Data Packs
2026-03-11 16:55:26.714,Chandru J,Male,ME / M.Tech,1st Year,Day Scholar,Rural,No,Cloud,6250,6250,6250,6250,25000,1000,-24000,2500.0,UPI,SBI Pay,Yes,No,Online Learning Platforms
2026-03-12 07:43:13.372,Rakesh M,Male,B.Com,1st Year,Day Scholar,Rural,No,IT,500,2500,2500,4500,10000,1000,-9000,1000.0,Cash,SBI Pay,Yes,Yes,Books & Study Materials
2026-03-12 07:44:14.971,Fayaz M,Male,BE / B.Tech,4th Year,Hostel,Urban,Yes,MDE,3500,1500,6250,1500,12750,250,-12500,5100.0,UPI,Other,Yes,No,Software Tools
2026-03-12 07:45:17.687,Afra M,Female,MBA,1st Year,Hostel,Rural,Yes,Marketing,1500,1500,1500,1500,6000,250,-5750,2400.0,Debit/Credit Card,BHIM UPI,Yes,Yes,Internet & Data Packs
2026-03-12 07:48:38.448,Ramin S,Male,ME / M.Tech,1st Year,PG,Rural,Yes,IoT,2500,750,3500,250,7000,1000,-6000,700.0,Debit/Credit Card,PhonePe,Yes,Yes,Software Tools
2026-03-12 07:56:36.990,Hitesh P,Male,B.Com,1st Year,Day Scholar,Rural,Yes,A & F,2500,2500,2500,1500,9000,250,-8750,3600.0,Other,Not Applicable,No,No,Books & Study Materials
2026-03-12 07:57:26.872,Raji S,Female,BSc,1st Year,PG,Urban,Yes,Physics,2500,1500,750,2500,7250,3750,-3500,193.3,Cash,Not Applicable,Yes,Yes,Internet & Data Packs
2026-03-12 07:58:22.383,Ashok J,Male,BSc,2nd Year,PG,Rural,No,Physics,500,1500,1500,3500,7000,1000,-6000,700.0,Debit/Credit Card,PhonePe,Yes,No,Software Tools
2026-03-12 07:59:11.882,Jagan D,Male,B.Com,3rd Year,PG,Rural,Yes,A & F,3500,2500,4500,4500,15000,2250,-12750,666.7,Cash,PhonePe,Yes,Yes,Software Tools
2026-03-12 08:00:54.961,Kavita V,Female,MBA,1st Year,PG,Rural,Yes,HR,3500,3500,4500,3500,15000,3750,-11250,400.0,Debit/Credit Card,SBI Pay,Yes,Yes,Software Tools
2026-03-14 08:07:01.177,Aarthik M,Male,ME / M.Tech,1st Year,PG,Rural,Yes,CSE,2500,3500,750,2500,9250,250,-9000,3700.0,Cash,Amazon Pay,Yes,Yes,Online Learning Platforms
2026-03-14 08:07:49.027,Aadityanath J,Male,ME / M.Tech,2nd Year,Hostel,Urban,No,IoT,4500,6250,6250,6250,23250,3750,-19500,620.0,Debit/Credit Card,Airtel Thanks App,No,No,Internet & Data Packs
2026-03-14 08:08:44.167,Swathi L,Female,ME / M.Tech,1st Year,PG,Urban,No,CSE,1500,2500,2500,250,6750,250,-6500,2700.0,UPI,PhonePe,Yes,Yes,Books & Study Materials
2026-03-14 08:10:29.847,Surya S,Male,BE / B.Tech,4th Year,Day Scholar,Urban,Yes,MDE,3500,1500,2500,1500,9000,1000,-8000,900.0,UPI,PhonePe,No,Yes,Online Learning Platforms
2026-03-14 08:11:24.496,Kaarthi F,Male,BSc,3rd Year,Hostel,Urban,No,Physics,500,1500,1500,2500,6000,250,-5750,2400.0,Cash,Amazon Pay,No,Yes,Books & Study Materials
2026-03-16 16:38:42.073,Yogitha S,Female,B.Com,1st Year,PG,Urban,No,PA,4500,2500,3500,750,11250,1000,-10250,1125.0,Debit/Credit Card,PhonePe,Yes,Yes,Books & Study Materials
2026-03-16 16:40:03.347,Ram Naidu H,Male,B.Com,1st Year,Hostel,Rural,Yes,A & F,3500,4500,3500,3500,15000,2250,-12750,666.7,Cash,PhonePe,No,Yes,Internet & Data Packs
2026-03-16 16:41:00.215,Bhava Shri M,Female,B.Com,1st Year,Day Scholar,Urban,No,PA,1500,2500,3500,4500,12000,3750,-8250,320.0,Debit/Credit Card,Airtel Thanks App,Yes,Yes,Internet & Data Packs
2026-03-16 16:42:03.657,Barani Kumar H,Male,ME / M.Tech,1st Year,PG,Rural,Yes,IoT,3500,3500,2500,1500,11000,1000,-10000,1100.0,Debit/Credit Card,PhonePe,Yes,Yes,Internet & Data Packs
2026-03-16 16:43:38.910,Anbu M,Male,B.Com,1st Year,Hostel,Urban,No,CA,3500,1500,4500,2500,12000,1000,-11000,1200.0,Cash,Amazon Pay,No,No,Internet & Data Packs
2026-03-16 16:44:48.838,Ashok M,Male,MBA,1st Year,PG,Rural,No,BA,4500,2500,2500,1500,11000,250,-10750,4400.0,UPI,Amazon Pay,Yes,Yes,Internet & Data Packs
2026-03-16 16:45:40.341,Anintha G,Female,B.Com,1st Year,Day Scholar,Rural,Yes,PA,1500,2500,2500,2500,9000,250,-8750,3600.0,Other,SBI Pay,Yes,Yes,Software Tools
2026-03-18 07:25:00.400,Jai Aakash ,Male,ME / M.Tech,2nd Year,Day Scholar,Urban,No,Cloud,4500,3500,750,3500,12250,2250,-10000,544.4,Debit/Credit Card,SBI Pay,Yes,Yes,Software Tools
2026-03-18 07:25:46.015,Somnath K,Male,B.Com,1st Year,Day Scholar,Urban,No,IT,2500,750,2500,1500,7250,2250,-5000,322.2,Debit/Credit Card,SBI Pay,No,Yes,Internet & Data Packs
2026-03-18 07:26:45.730,Bashar Khan M,Male,B.Com,2nd Year,Day Scholar,Rural,No,A & F,4500,2500,750,2500,10250,2250,-8000,455.6,Cash,Not Applicable,Yes,Yes,Software Tools
2026-03-18 07:27:53.642,Trisha H,Female,BE / B.Tech,1st Year,Day Scholar,Urban,Yes,MDE,3500,3500,3500,2500,13000,2250,-10750,577.8,Cash,Not Applicable,No,Yes,Online Learning Platforms
2026-03-18 07:29:01.541,Swathi Praathmik,Female,B.Com,2nd Year,Day Scholar,Urban,No,A & F,3500,1500,4500,1500,11000,2250,-8750,488.9,UPI,Amazon Pay,Yes,Yes,Online Learning Platforms
2026-03-18 07:29:49.317,Karthik M,Male,MBA,2nd Year,Day Scholar,Rural,No,MBA,3500,1500,3500,3500,12000,2250,-9750,533.3,UPI,Other,Yes,No,Online Learning Platforms
2026-03-18 07:30:49.767,Rani J,Female,BE / B.Tech,2nd Year,Hostel,Rural,No,BME,3500,4500,6250,2500,16750,1000,-15750,1675.0,Debit/Credit Card,Not Applicable,Yes,No,Other
2026-03-18 07:31:33.856,Mahalakshmi M,Female,MBA,1st Year,Day Scholar,Urban,No,MBA,4500,4500,6250,6250,21500,3750,-17750,573.3,UPI,Other,No,Yes,Online Learning Platforms
2026-03-18 14:46:41.615,Nandhani M,Female,BSc,2nd Year,Day Scholar,Urban,No,Physics,2500,1500,4500,6250,14750,1000,-13750,1475.0,Debit/Credit Card,Airtel Thanks App,No,No,Software Tools
2026-03-18 14:47:37.157,Aafrin Mohammed,Female,BSc,1st Year,Day Scholar,Urban,Yes,Chemistry,3500,2500,4500,6250,16750,1000,-15750,1675.0,UPI,Airtel Thanks App,No,No,Other
2026-03-18 14:48:49.665,Navmi H,Male,BE / B.Tech,3rd Year,Day Scholar,Urban,No,BME,3500,3500,4500,2500,14000,2250,-11750,622.2,Other,Other,Yes,Yes,Internet & Data Packs
2026-03-18 14:49:58.815,Maithili Sharan,Female,BE / B.Tech,1st Year,Day Scholar,Urban,No,Cyber Security,3500,1500,1500,3500,10000,2250,-7750,444.4,Other,Other,Yes,No,Books & Study Materials
2026-03-18 14:50:48.669,Somnath H,Male,B.Com,1st Year,Day Scholar,Rural,No,A & F,4500,6250,3500,6250,20500,1000,-19500,2050.0,Other,Other,No,Yes,Other
2026-03-18 14:52:11.744,Karshil Khan,Male,ME / M.Tech,1st Year,Day Scholar,Rural,Yes,CSE,4500,4500,6250,4500,19750,3750,-16000,526.7,Cash,Airtel Thanks App,No,Yes,Internet & Data Packs
2026-03-18 14:55:59.524,Pravesh J,Male,BE / B.Tech,4th Year,PG,Rural,No,MDE,500,750,250,250,1750,250,-1500,700.0,Other,Other,No,No,Software Tools
2026-03-18 14:57:16.676,Poovizhi S,Female,BE / B.Tech,4th Year,PG,Rural,Yes,Mechatronics,4500,6250,6250,250,17250,250,-17000,6900.0,UPI,Other,No,Yes,Software Tools
2026-03-18 14:58:09.184,Poovisha M,Female,ME / M.Tech,1st Year,Hostel,Rural,Yes,IoT,4500,250,3500,250,8500,1000,-7500,850.0,UPI,GPay,Yes,Yes,Online Learning Platforms
2026-03-18 14:59:11.814,Mukil J,Male,MBA,1st Year,PG,Rural,No,MBA,2500,750,3500,1500,8250,1000,-7250,825.0,Other,GPay,No,No,Other
2026-03-18 15:00:17.539,Kanimozhi M,Male,B.Com,1st Year,Day Scholar,Rural,No,A & F,1500,1500,4500,6250,13750,2250,-11500,611.1,Debit/Credit Card,Not Applicable,No,No,Other
2026-03-18 15:01:16.656,Vikas Pranaali,Female,B.Com,1st Year,PG,Urban,Yes,A & F,4500,750,3500,3500,12250,1000,-11250,1225.0,Other,SBI Pay,No,No,Internet & Data Packs
2026-03-18 15:02:11.265,Yashwantrao P,Male,ME / M.Tech,2nd Year,Day Scholar,Rural,Yes,Cloud,4500,750,4500,3500,13250,1000,-12250,1325.0,Cash,Airtel Thanks App,No,No,Online Learning Platforms
2026-03-18 18:09:34.544,Ram Prakash,Male,BE / B.Tech,4th Year,PG,Urban,Yes,MDE,4500,3500,3500,6250,17750,1000,-16750,1775.0,UPI,GPay,Yes,Yes,Software Tools
2026-03-18 18:10:37.053,Shiksha S,Female,BE / B.Tech,4th Year,PG,Urban,Yes,Mechatronics,1500,2500,4500,6250,14750,2250,-12500,655.6,UPI,PhonePe,Yes,Yes,Internet & Data Packs
2026-03-18 18:11:29.997,Nehra H,Female,ME / M.Tech,1st Year,Day Scholar,Rural,No,Cloud,4500,4500,3500,6250,18750,3750,-15000,500.0,Debit/Credit Card,Not Applicable,Yes,Yes,Online Learning Platforms
2026-03-18 18:12:38.342,Ganesh J,Male,ME / M.Tech,1st Year,PG,Rural,No,Cloud,4500,6250,6250,2500,19500,2250,-17250,866.7,Other,Amazon Pay,No,Yes,Online Learning Platforms
2026-03-19 12:23:20.678,Then Sanjay S,Male,B.Com,1st Year,Day Scholar,Urban,No,PA,2500,4500,1500,3500,12000,2250,-9750,533.3,UPI,SBI Pay,No,Yes,Software Tools
2026-03-19 12:24:00.166,Revathi S,Female,ME / M.Tech,2nd Year,PG,Urban,No,Cloud,3500,1500,1500,750,7250,2250,-5000,322.2,Other,SBI Pay,Yes,No,Other
2026-03-19 12:24:41.487,Ramaswamy S,Male,ME / M.Tech,1st Year,Day Scholar,Urban,No,IoT,500,3500,4500,2500,11000,1000,-10000,1100.0,Debit/Credit Card,Airtel Thanks App,No,No,Online Learning Platforms
2026-03-19 16:55:04.956,DHARUN K S,Male,B.Com,1st Year,Hostel,Urban,No,General,1500,1500,750,3500,7250,2250,-5000,322.2,Debit/Credit Card,SBI Pay,No,No,Online Learning Platforms
2026-03-19 16:55:53.721,GOWSHIKA S,Female,B.Com,1st Year,PG,Urban,No,CA,1500,2500,3500,1500,9000,2250,-6750,400.0,Cash,BHIM UPI,No,No,Books & Study Materials
2026-03-19 16:56:43.490,HARINE SHREE G,Female,BE / B.Tech,4th Year,Day Scholar,Urban,No,MDE,500,250,250,250,1250,1000,-250,125.0,UPI,BHIM UPI,No,No,Software Tools
2026-03-19 16:57:31.875,HARSINI N,Female,ME / M.Tech,1st Year,PG,Urban,No,Cyber,2500,3500,2500,3500,12000,2250,-9750,533.3,Other,Amazon Pay,No,Yes,Online Learning Platforms
2026-03-19 16:58:22.579,JANANI K,Male,MBA,1st Year,Day Scholar,Urban,Yes,MBA,3500,4500,250,4500,12750,250,-12500,5100.0,Debit/Credit Card,Amazon Pay,No,Yes,Online Learning Platforms
2026-03-19 17:03:40.718,KANIKA D,Female,BSc,2nd Year,Hostel,Rural,Yes,Math,1500,1500,1500,2500,7000,1000,-6000,700.0,Debit/Credit Card,SBI Pay,Yes,Yes,Online Learning Platforms
2026-03-19 17:04:41.766,KIRUTHIKA T,Female,B.Com,1st Year,PG,Rural,No,PA,2500,3500,2500,3500,12000,1000,-11000,1200.0,UPI,SBI Pay,Yes,No,Internet & Data Packs
2026-03-19 17:05:35.329,ARUNA A,Female,B.Com,1st Year,PG,Rural,No,CA,1500,3500,3500,4500,13000,250,-12750,5200.0,Other,PhonePe,No,No,Online Learning Platforms
2026-03-19 17:06:28.992,AJITHKUMAR M,Male,B.Com,2nd Year,PG,Rural,No,CA,1500,1500,2500,3500,9000,2250,-6750,400.0,Debit/Credit Card,Airtel Thanks App,No,No,Online Learning Platforms
2026-03-19 17:07:22.818,PRADEEPA P,Female,ME / M.Tech,1st Year,Hostel,Rural,No,CSE,1500,3500,2500,1500,9000,1000,-8000,900.0,Debit/Credit Card,SBI Pay,Yes,No,Books & Study Materials
2026-03-19 17:08:09.830,PRIYANKA S,Female,ME / M.Tech,1st Year,Day Scholar,Urban,No,AI,1500,2500,1500,2500,8000,2250,-5750,355.6,Debit/Credit Card,Airtel Thanks App,No,Yes,Online Learning Platforms
2026-03-19 17:11:48.978,RAJAKABILAN S,Male,B.Com,1st Year,Day Scholar,Urban,No,General,500,3500,750,1500,6250,250,-6000,2500.0,Cash,Amazon Pay,No,No,Books & Study Materials
2026-03-19 17:12:32.496,RANJITHA K,Female,ME / M.Tech,3rd Year,PG,Urban,No,Cyber,2500,4500,4500,1500,13000,250,-12750,5200.0,Cash,Amazon Pay,No,No,Online Learning Platforms
2026-03-19 18:53:37.657,Usha,Female,BE / B.Tech,1st Year,Day Scholar,Rural,No,IT,1500,750,750,3500,6500,3750,-2750,173.3,Cash,BHIM UPI,No,No,Books & Study Materials
2026-03-19 19:13:21.464,Bhavatharani ,Female,BE / B.Tech,2nd Year,Day Scholar,Rural,Yes,EEE,500,6250,6250,1500,14500,250,-14250,5800.0,Cash,GPay,No,Yes,Books & Study Materials
2026-03-19 19:17:24.311,RITHANYA S S,Female,ME / M.Tech,1st Year,Day Scholar,Urban,Yes,IoT,2500,6250,1500,3500,13750,250,-13500,5500.0,Other,BHIM UPI,No,No,Books & Study Materials
2026-03-19 19:18:08.321,Sakthi Dharshini ,Female,BSc,3rd Year,Day Scholar,Rural,Yes,Biotech,500,2500,2500,4500,10000,1000,-9000,1000.0,UPI,GPay,No,Yes,Online Learning Platforms
2026-03-19 19:18:37.843,SANDHIYA T,Female,B.Com,3rd Year,Day Scholar,Rural,Yes,General,2500,3500,4500,750,11250,250,-11000,4500.0,Cash,BHIM UPI,No,No,Books & Study Materials
2026-03-19 19:20:22.219,DURGA A,Female,BE / B.Tech,3rd Year,Day Scholar,Urban,Yes,Mechatronics,2500,2500,2500,750,8250,1000,-7250,825.0,UPI,GPay,Yes,Yes,Books & Study Materials
2026-03-19 19:24:18.438,Sunmathi M,Female,B.Com,3rd Year,Day Scholar,Urban,Yes,PA,1500,2500,6250,3500,13750,1000,-12750,1375.0,Other,GPay,No,No,Other
2026-03-19 19:26:26.842,Kowshika,Female,BE / B.Tech,3rd Year,PG,Rural,No,CSE,500,250,250,250,1250,250,-1000,500.0,UPI,PhonePe,Yes,Yes,Online Learning Platforms
2026-03-19 19:27:25.524,Pradeep Kumar ,Male,B.Com,4th Year,Hostel,Rural,Yes,CA,1500,2500,3500,2500,10000,2250,-7750,444.4,UPI,PhonePe,Yes,Yes,Software Tools
2026-03-19 19:30:35.224,Mohan prakash ,Male,Other,3rd Year,Hostel,Rural,Yes,Diploma eee,1500,250,2500,250,4500,1000,-3500,450.0,Cash,PhonePe,Yes,Yes,Books & Study Materials
2026-03-19 19:33:07.427,yashvandhini.as,Female,BE / B.Tech,2nd Year,Day Scholar,Rural,Yes,EEE,3500,6250,6250,6250,22250,3750,-18500,593.3,UPI,GPay,No,Yes,Other
2026-03-19 19:34:06.932,Karkulazhali durga devi,Female,BE / B.Tech,2nd Year,Day Scholar,Rural,Yes,EEE,4500,6250,6250,6250,23250,3750,-19500,620.0,UPI,GPay,No,Yes,Other
2026-03-19 19:51:47.659,Naveen.P,Male,BE / B.Tech,2nd Year,Hostel,Rural,Yes,EEE,500,250,250,250,1250,250,-1000,500.0,UPI,GPay,Yes,Yes,Internet & Data Packs
2026-03-19 19:57:43.016,AKILAN ,Male,BE / B.Tech,2nd Year,Hostel,Urban,No,Other,6250,750,6250,1500,14750,250,-14500,5900.0,UPI,GPay,Yes,No,Online Learning Platforms
2026-03-19 20:03:26.488,Swathi preetha ,Female,BE / B.Tech,2nd Year,Day Scholar,Urban,No,CSE,1500,250,6250,750,8750,2250,-6500,388.9,UPI,GPay,No,Yes,Internet & Data Packs
2026-03-19 20:42:17.770,Dharani,Female,BE / B.Tech,3rd Year,PG,Urban,Yes,EEE,1500,250,250,250,2250,1000,-1250,225.0,Cash,PhonePe,Yes,Yes,Books & Study Materials
2026-03-19 20:43:33.933,Meenakshi M,Female,BE / B.Tech,1st Year,Day Scholar,Urban,No,IT,1500,6250,6250,3500,17500,1000,-16500,1750.0,UPI,GPay,Yes,Yes,Books & Study Materials
2026-03-19 20:44:36.035,Mahalakshmi P ,Female,BE / B.Tech,1st Year,Hostel,Urban,No,IT,1500,750,4500,3500,10250,250,-10000,4100.0,UPI,Other,Yes,Yes,Books & Study Materials
2026-03-19 20:45:41.180,Madhumitha S,Female,BE / B.Tech,1st Year,Day Scholar,Urban,No,EEE,500,750,6250,2500,10000,1000,-9000,1000.0,Cash,Other,Yes,Yes,Books & Study Materials
2026-03-19 20:52:26.100,Aashika,Female,BE / B.Tech,2nd Year,Hostel,Rural,Yes,EEE,500,750,6250,750,8250,1000,-7250,825.0,Cash,Other,Yes,Yes,Books & Study Materials
2026-03-19 20:54:27.815,Manju shree,Female,BSc,3rd Year,Day Scholar,Rural,Yes,Other,1500,250,6250,1500,9500,2250,-7250,422.2,Cash,PhonePe,Yes,No,Software Tools
2026-03-19 21:03:17.595,Subas S Benhar Paul ,Male,BSc,1st Year,Day Scholar,Urban,No,Other,2500,3500,2500,1500,10000,1000,-9000,1000.0,UPI,GPay,Yes,Yes,Software Tools
2026-03-19 21:09:36.118,Sudharsan P ,Male,BE / B.Tech,2nd Year,Day Scholar,Rural,No,CSE,4500,2500,250,750,8000,2250,-5750,355.6,Cash,GPay,Yes,Yes,Other
2026-03-19 21:10:42.204,sharan e ,Male,BE / B.Tech,2nd Year,Day Scholar,Rural,No,EEE,4500,3500,4500,4500,17000,1000,-16000,1700.0,UPI,GPay,Yes,No,Other
2026-03-19 21:20:46.274,Varshini.V,Female,Other,3rd Year,Day Scholar,Urban,No,Finance marketing,6250,750,3500,1500,12000,2250,-9750,533.3,Cash,GPay,Yes,Yes,Online Learning Platforms
2026-03-19 21:26:10.406,Kiruthika.V,Female,BE / B.Tech,3rd Year,Day Scholar,Urban,Yes,CSE,3500,2500,4500,2500,13000,1000,-12000,1300.0,Cash,GPay,Yes,Yes,Books & Study Materials
2026-03-19 21:38:08.645,Tarunika,Female,BE / B.Tech,2nd Year,Hostel,Urban,No,CSE,2500,6250,6250,1500,16500,1000,-15500,1650.0,Cash,Not Applicable,No,Yes,Online Learning Platforms
2026-03-19 21:39:18.269,Sobiya,Female,BE / B.Tech,2nd Year,Hostel,Urban,No,CSE,2500,3500,750,1500,8250,1000,-7250,825.0,Cash,Not Applicable,Yes,Yes,Online Learning Platforms
2026-03-19 21:40:46.188,Nila,Female,BE / B.Tech,2nd Year,Hostel,Rural,No,IT,2500,6250,6250,1500,16500,2250,-14250,733.3,Cash,Not Applicable,No,No,Software Tools
2026-03-19 22:05:19.709,Nishant ,Male,BSc,3rd Year,Day Scholar,Rural,Yes,Other,500,250,2500,3500,6750,1000,-5750,675.0,UPI,PhonePe,Yes,Yes,Internet & Data Packs
2026-03-19 22:06:31.949,Dharnesh,Male,BE / B.Tech,2nd Year,Hostel,Rural,Yes,EEE,500,250,1500,3500,5750,2250,-3500,255.6,UPI,PhonePe,Yes,Yes,Software Tools
2026-03-19 22:08:44.979,S.gokul,Male,BSc,3rd Year,Day Scholar,Rural,Yes,Physics,1500,250,1500,3500,6750,1000,-5750,675.0,UPI,GPay,Yes,Yes,Books & Study Materials
2026-03-19 22:12:10.534,Dhivya,Female,Other,3rd Year,Day Scholar,Rural,No,Law,2500,3500,250,3500,9750,250,-9500,3900.0,UPI,GPay,Yes,No,Online Learning Platforms
2026-03-19 22:15:49.526,Savitha S,Female,B.Com,1st Year,Day Scholar,Urban,No,A & F,3500,3500,3500,2500,13000,250,-12750,5200.0,Cash,SBI Pay,No,Yes,Internet & Data Packs
2026-03-19 22:16:46.617,Shrikrishna R,Male,ME / M.Tech,2nd Year,Day Scholar,Urban,Yes,IoT,4500,3500,3500,4500,16000,2250,-13750,711.1,Debit/Credit Card,Airtel Thanks App,Yes,No,Books & Study Materials
2026-03-19 22:17:38.916,Sanjeev H,Male,MBA,1st Year,PG,Rural,No,MBA,6250,6250,1500,250,14250,2250,-12000,633.3,Debit/Credit Card,Not Applicable,No,No,Other
2026-03-19 22:18:48.146,Yuva Shree J,Female,MBA,2nd Year,PG,Urban,Yes,MBA,6250,2500,4500,3500,16750,3750,-13000,446.7,Debit/Credit Card,Airtel Thanks App,No,No,Online Learning Platforms
2026-03-19 22:19:23.207,Vinoth Kumar,Male,BE / B.Tech,4th Year,Day Scholar,Urban,Yes,Mechatronics,4500,3500,2500,6250,16750,3750,-13000,446.7,Other,Amazon Pay,Yes,No,Internet & Data Packs
2026-03-19 22:19:59.347,Varnika S,Female,MBA,4th Year,Day Scholar,Rural,No,BA,3500,3500,4500,3500,15000,2250,-12750,666.7,Cash,Not Applicable,Yes,No,Other
2026-03-19 22:20:38.610,Tharan Raj ,Male,BE / B.Tech,4th Year,Day Scholar,Urban,Yes,Mechatronics,4500,2500,4500,6250,17750,2250,-15500,788.9,Other,Other,No,No,Online Learning Platforms
2026-03-19 22:21:15.022,Sujan J,Male,MBA,2nd Year,Day Scholar,Rural,No,BA,4500,4500,4500,4500,18000,2250,-15750,800.0,Debit/Credit Card,SBI Pay,Yes,No,Internet & Data Packs
2026-03-19 22:21:59.395,Sunfiya A,Female,ME / M.Tech,2nd Year,Hostel,Urban,No,Cloud,4500,1500,1500,250,7750,1000,-6750,775.0,Debit/Credit Card,Not Applicable,Yes,Yes,Online Learning Platforms
2026-03-19 22:22:49.961,Nikitha A,Female,ME / M.Tech,2nd Year,Day Scholar,Rural,Yes,IoT,4500,3500,6250,250,14500,2250,-12250,644.4,UPI,Airtel Thanks App,No,No,Online Learning Platforms
2026-03-19 22:23:28.293,Ramya S,Female,ME / M.Tech,2nd Year,Hostel,Rural,Yes,IoT,4500,4500,750,2500,12250,250,-12000,4900.0,Other,SBI Pay,Yes,No,Internet & Data Packs
2026-03-19 22:24:20.196,Madhyam S,Female,B.Com,3rd Year,Hostel,Rural,Yes,A & F,3500,3500,4500,6250,17750,1000,-16750,1775.0,Cash,Other,No,Yes,Online Learning Platforms
2026-03-19 22:25:01.104,Anushri J,Female,ME / M.Tech,1st Year,Day Scholar,Rural,Yes,Cloud,4500,3500,6250,4500,18750,1000,-17750,1875.0,Other,Other,Yes,No,Online Learning Platforms
2026-03-19 22:25:48.700,Ashvanth B,Male,BE / B.Tech,2nd Year,PG,Urban,No,Mechatronics,4500,3500,4500,6250,18750,1000,-17750,1875.0,Debit/Credit Card,PhonePe,No,Yes,Online Learning Platforms
2026-03-19 22:26:25.824,Kannika S,Female,BSc,2nd Year,Day Scholar,Urban,No,Other,3500,3500,4500,3500,15000,2250,-12750,666.7,Cash,SBI Pay,No,Yes,Online Learning Platforms
2026-03-19 22:27:01.616,Shrimila S,Female,MBA,4th Year,Day Scholar,Urban,No,Marketing,3500,2500,1500,6250,13750,1000,-12750,1375.0,UPI,Airtel Thanks App,Yes,Yes,Software Tools
2026-03-19 22:27:38.655,Varshini C,Female,ME / M.Tech,1st Year,Hostel,Rural,Yes,Cloud,3500,3500,3500,4500,15000,250,-14750,6000.0,Other,SBI Pay,Yes,Yes,Internet & Data Packs
2026-03-19 22:29:44.013,Deepa S,Female,BE / B.Tech,4th Year,PG,Rural,No,Mechatronics,4500,3500,6250,4500,18750,3750,-15000,500.0,Debit/Credit Card,Other,No,Yes,Books & Study Materials
2026-03-19 22:30:24.537,Deepak D,Male,ME / M.Tech,2nd Year,PG,Urban,Yes,Cloud,4500,3500,6250,4500,18750,1000,-17750,1875.0,Debit/Credit Card,SBI Pay,No,No,Internet & Data Packs
2026-03-19 22:31:09.673,Kanna Meri M,Female,ME / M.Tech,2nd Year,Day Scholar,Rural,Yes,IoT,4500,3500,3500,1500,13000,1000,-12000,1300.0,Other,Amazon Pay,No,No,Software Tools
2026-03-19 22:32:01.214,Kirti Sion H,Female,MBA,2nd Year,Day Scholar,Rural,No,HR,4500,4500,6250,1500,16750,2250,-14500,744.4,Other,Airtel Thanks App,Yes,No,Internet & Data Packs
2026-03-19 22:32:46.947,Shauchalay D,Male,ME / M.Tech,2nd Year,Day Scholar,Urban,Yes,Cloud,4500,6250,6250,4500,21500,250,-21250,8600.0,Other,SBI Pay,No,Yes,Online Learning Platforms
2026-03-19 22:33:28.663,Tamil Selvi S,Female,ME / M.Tech,2nd Year,Day Scholar,Urban,Yes,Other,4500,4500,6250,750,16000,2250,-13750,711.1,Other,Not Applicable,No,No,Online Learning Platforms
2026-03-19 22:34:56.565,Vishnu Priya ,Female,BSc,2nd Year,Day Scholar,Urban,Yes,Biotech,4500,250,250,1500,6500,1000,-5500,650.0,Other,PhonePe,Yes,No,Internet & Data Packs
2026-03-19 22:35:32.756,Mahesh B,Male,BE / B.Tech,3rd Year,Day Scholar,Urban,No,Mechatronics,4500,2500,2500,3500,13000,3750,-9250,346.7,Other,Other,No,No,Books & Study Materials
2026-03-19 22:36:30.152,Priya Shreshth ,Female,BE / B.Tech,1st Year,PG,Rural,No,Mechatronics,4500,3500,3500,2500,14000,3750,-10250,373.3,Other,Airtel Thanks App,No,No,Software Tools
2026-03-20 09:07:49.826,Sri poorani K ,Female,BE / B.Tech,3rd Year,Hostel,Urban,No,BME,1500,750,2500,750,5500,1000,-4500,550.0,UPI,GPay,No,No,Books & Study Materials
2026-03-20 10:28:47.097,DEEPAK G,Male,MBA,2nd Year,PG,Urban,No,Marketing,1500,750,750,2500,5500,250,-5250,2200.0,Cash,Not Applicable,No,No,Online Learning Platforms
2026-03-20 10:50:44.345,ENIYAN M,Male,BSc,1st Year,PG,Urban,No,Math,500,250,1500,1500,3750,250,-3500,1500.0,Other,GPay,No,No,Online Learning Platforms
2026-03-20 10:51:37.776,GOPIKA S,Female,B.Com,3rd Year,PG,Rural,Yes,A & F,2500,3500,2500,2500,11000,250,-10750,4400.0,Other,BHIM UPI,No,Yes,Software Tools
2026-03-20 10:52:24.230,HARINE SHREE G,Female,B.Com,1st Year,Day Scholar,Rural,No,General,2500,250,2500,3500,8750,3750,-5000,233.3,Other,Not Applicable,Yes,Yes,Other
2026-03-20 10:53:13.428,HEMALATHA M,Female,ME / M.Tech,2nd Year,Day Scholar,Rural,No,Cyber,1500,3500,2500,1500,9000,250,-8750,3600.0,Debit/Credit Card,Airtel Thanks App,Yes,Yes,Books & Study Materials
2026-03-20 10:54:02.754,JAIAKASH S,Male,ME / M.Tech,2nd Year,Hostel,Urban,Yes,AI,2500,1500,250,3500,7750,2250,-5500,344.4,Debit/Credit Card,GPay,Yes,Yes,Books & Study Materials
2026-03-20 10:55:22.393,JAYAPRIYA R,Female,BE / B.Tech,1st Year,PG,Rural,Yes,BME,500,3500,2500,750,7250,250,-7000,2900.0,UPI,SBI Pay,No,No,Software Tools
2026-03-20 10:56:24.891,KARTHICK C,Male,BE / B.Tech,1st Year,Hostel,Rural,No,BME,1500,4500,4500,2500,13000,250,-12750,5200.0,Cash,Amazon Pay,No,No,Internet & Data Packs
2026-03-20 10:57:30.426,LALITH K,Male,ME / M.Tech,1st Year,Hostel,Rural,No,Cyber,2500,3500,750,750,7500,1000,-6500,750.0,UPI,PhonePe,Yes,No,Books & Study Materials
2026-03-20 10:58:15.983,Unnamalai AL,Female,BE / B.Tech,1st Year,Day Scholar,Rural,No,BME,1500,3500,1500,750,7250,250,-7000,2900.0,Cash,GPay,No,No,Software Tools
2026-03-20 10:59:40.467,Meena R,Female,BSc,1st Year,Day Scholar,Rural,No,Stats,500,1500,2500,4500,9000,1000,-8000,900.0,Other,SBI Pay,Yes,No,Online Learning Platforms
2026-03-21 08:45:06.546,Bhavani S,Female,BE / B.Tech,3rd Year,Hostel,Rural,No,CSE,6250,750,6250,1500,14750,1000,-13750,1475.0,Other,GPay,No,Yes,Software Tools
