Timestamp,Student Name,Gender,Degree,Year of Study,Accommodation Type,Residential Background ,Part-time Work/Internship ,Food Expenses  (Monthly),Transport Expenses  (Monthly),Academic Expenses  (Monthly),Other Expenses (Monthly),Preferred Payment  ,If UPI which app you use?,Do you track your expenses digitally?,Monthly Allowance,Do you maintain a monthly budget plan?,In which study-related areas do you spend the most each month?,Primary_Course,Maintain_Budget_Target
2026-02-21 14:07:05.277,Meyyappan,Male,BE / B.Tech,2nd Year,Day Scholar,Rural,No,1000 - 2000 ₹,> 5000 ₹,2000 - 3000 ₹,2000 - 3000 ₹,UPI,Amazon Pay,No,1500 - 3000 ₹,Yes,Internet & Data Packs,CSE,1
2026-02-21 15:55:10.195,Hemanath ,Male,BE / B.Tech,2nd Year,Day Scholar,Rural,No,> 5000 ₹,1000 - 2000 ₹,4000 - 5000 ₹,> 5000 ₹,Cash,GPay,Yes,500 - 1500 ₹,Yes,Books & Study Materials,Mechatronics,1
2026-02-21 16:56:32.080,S.deivanai,Female,BSc,1st Year,Day Scholar,Urban,No,< 1000 ₹,1000 - 2000 ₹,> 5000 ₹,4000 - 5000 ₹,UPI,GPay,No,500 - 1500 ₹,No,Books & Study Materials,Other,0
2026-02-21 17:03:39.930,Sowmiya Devi ,Female,BSc,1st Year,Day Scholar,Rural,No,4000 - 5000 ₹,> 5000 ₹,> 5000 ₹,500 - 1000 ₹,UPI,PhonePe,No,> 3000 ₹,Yes,Books & Study Materials,Other,1
2026-02-21 17:17:09.803,R.Meenakshi,Female,Other,4th Year,Hostel,Rural,No,> 5000 ₹,> 5000 ₹,> 5000 ₹,500 - 1000 ₹,Cash,Other,No,< 500 ₹,No,Books & Study Materials,Physiotherapy ,0
2026-02-21 17:49:03.791,Mahalakshmi Vallimayil ,Female,B.Com,1st Year,Day Scholar,Rural,No,> 5000 ₹,500 - 1000 ₹,3000 - 4000 ₹,4000 - 5000 ₹,Cash,Other,Yes,> 3000 ₹,Yes,Books & Study Materials,General,1
2026-02-21 18:05:57.897,V.Balaji,Male,Other,4th Year,Day Scholar,Urban,Yes,4000 - 5000 ₹,3000 - 4000 ₹,4000 - 5000 ₹,4000 - 5000 ₹,Cash,GPay,Yes,1500 - 3000 ₹,Yes,Books & Study Materials,BPT,1
2026-02-21 18:11:57.351,Mahendiran.l,Male,Other,4th Year,Hostel,Rural,No,< 1000 ₹,< 500 ₹,2000 - 3000 ₹,< 500 ₹,UPI,GPay,No,500 - 1500 ₹,Yes,Books & Study Materials,PG,1
2026-02-21 18:18:54.480,Meenaloshini ,Female,B.Com,1st Year,PG,Urban,No,< 1000 ₹,< 500 ₹,< 500 ₹,500 - 1000 ₹,Cash,GPay,No,< 500 ₹,Yes,Books & Study Materials,CA,1
2026-02-21 18:24:40.866,Gopika. M,Female,BSc,1st Year,Day Scholar,Urban,No,1000 - 2000 ₹,< 500 ₹,< 500 ₹,500 - 1000 ₹,Cash,Other,No,500 - 1500 ₹,No,Online Learning Platforms,Other,0
2026-02-21 18:27:52.020,T.Santhiya,Female,B.Com,1st Year,Day Scholar,Rural,Yes,3000 - 4000 ₹,< 500 ₹,< 500 ₹,< 500 ₹,Cash,GPay,Yes,1500 - 3000 ₹,Yes,Books & Study Materials,General,1
2026-02-21 18:33:32.426,U.Mahalakshmi ,Female,B.Com,1st Year,Day Scholar,Rural,No,< 1000 ₹,< 500 ₹,500 - 1000 ₹,< 500 ₹,UPI,GPay,No,< 500 ₹,Yes,Books & Study Materials,General,1
2026-02-21 18:58:25.948,Harini. M,Female,BSc,2nd Year,Day Scholar,Urban,No,< 1000 ₹,3000 - 4000 ₹,> 5000 ₹,4000 - 5000 ₹,UPI,GPay,Yes,500 - 1500 ₹,No,Books & Study Materials,Other,0
2026-02-21 19:07:53.682,K. Inthuja ,Female,B.Com,1st Year,Day Scholar,Rural,No,< 1000 ₹,< 500 ₹,500 - 1000 ₹,< 500 ₹,Cash,GPay,No,< 500 ₹,Yes,Online Learning Platforms,General,1
2026-02-21 19:14:00.269,Bhava dharini ,Female,B.Com,1st Year,Day Scholar,Rural,Yes,1000 - 2000 ₹,500 - 1000 ₹,1000 - 2000 ₹,2000 - 3000 ₹,UPI,GPay,Yes,< 500 ₹,Yes,Books & Study Materials,CA,1
2026-02-21 20:05:02.708,T.karthika,Female,B.Com,1st Year,Day Scholar,Rural,Yes,1000 - 2000 ₹,500 - 1000 ₹,2000 - 3000 ₹,2000 - 3000 ₹,Cash,GPay,No,> 3000 ₹,Yes,Internet & Data Packs,General,1
2026-02-21 20:17:27.919,S. Mahalakshmi,Female,B.Com,1st Year,Day Scholar,Rural,No,< 1000 ₹,< 500 ₹,500 - 1000 ₹,500 - 1000 ₹,Cash,Other,No,500 - 1500 ₹,No,Other,General,0
2026-02-21 21:13:15.268,Abinaya,Female,B.Com,1st Year,Hostel,Urban,No,1000 - 2000 ₹,500 - 1000 ₹,500 - 1000 ₹,500 - 1000 ₹,Cash,GPay,Yes,500 - 1500 ₹,Yes,Books & Study Materials,General,1
2026-02-21 23:41:31.120,Saranya,Female,B.Com,3rd Year,Day Scholar,Urban,Yes,1000 - 2000 ₹,1000 - 2000 ₹,> 5000 ₹,1000 - 2000 ₹,UPI,GPay,Yes,< 500 ₹,No,Online Learning Platforms,CA,0
2026-02-22 15:02:19.483,Poojith,Male,BE / B.Tech,2nd Year,Day Scholar,Urban,No,2000 - 3000 ₹,2000 - 3000 ₹,4000 - 5000 ₹,1000 - 2000 ₹,UPI,Other,Yes,< 500 ₹,No,Internet & Data Packs,ECE,0
2026-02-23 17:00:58.689,Umapathy palaniappan ,Male,Other,2nd Year,Day Scholar,Urban,No,4000 - 5000 ₹,< 500 ₹,2000 - 3000 ₹,< 500 ₹,Cash,GPay,Yes,500 - 1500 ₹,No,Online Learning Platforms,BACHELOR OF BUSINESS ADMINISTRATION ,0
2026-02-23 17:27:48.538,Muthu Srinivasan ,Female,Other,2nd Year,Day Scholar,Rural,Yes,3000 - 4000 ₹,500 - 1000 ₹,1000 - 2000 ₹,500 - 1000 ₹,UPI,PhonePe,No,500 - 1500 ₹,Yes,Books & Study Materials,M. Com,1
2026-02-23 17:38:48.966,Rohin,Male,BE / B.Tech,1st Year,Day Scholar,Urban,No,2000 - 3000 ₹,> 5000 ₹,> 5000 ₹,1000 - 2000 ₹,UPI,PhonePe,Yes,1500 - 3000 ₹,Yes,Internet & Data Packs,Civil,1
2026-02-23 17:42:03.221,Sai vardhan ,Male,BE / B.Tech,2nd Year,Hostel,Rural,No,> 5000 ₹,< 500 ₹,> 5000 ₹,1000 - 2000 ₹,UPI,PhonePe,Yes,1500 - 3000 ₹,Yes,Other,Other,1
2026-02-23 17:46:08.597,K. Rohith Varma ,Male,BE / B.Tech,2nd Year,Hostel,Urban,No,< 1000 ₹,500 - 1000 ₹,2000 - 3000 ₹,1000 - 2000 ₹,UPI,PhonePe,Yes,500 - 1500 ₹,No,Online Learning Platforms,CSE,0
2026-02-23 17:48:50.783,DASU SAI HARI HARAN,Male,BE / B.Tech,2nd Year,PG,Urban,No,> 5000 ₹,1000 - 2000 ₹,1000 - 2000 ₹,1000 - 2000 ₹,UPI,PhonePe,Yes,> 3000 ₹,Yes,Books & Study Materials,Other,1
2026-02-23 17:48:55.447,Sohan,Male,Other,2nd Year,Day Scholar,Urban,No,3000 - 4000 ₹,500 - 1000 ₹,3000 - 4000 ₹,3000 - 4000 ₹,Other,PhonePe,Yes,500 - 1500 ₹,No,Other,Bba,0
2026-02-23 17:52:47.910,Saksham,Male,BE / B.Tech,2nd Year,Hostel,Urban,No,> 5000 ₹,1000 - 2000 ₹,2000 - 3000 ₹,2000 - 3000 ₹,UPI,SBI Pay,Yes,> 3000 ₹,Yes,Internet & Data Packs,Other,1
2026-02-23 17:56:19.658,Mohan Sai,Male,BE / B.Tech,2nd Year,PG,Urban,Yes,1000 - 2000 ₹,1000 - 2000 ₹,> 5000 ₹,1000 - 2000 ₹,UPI,PhonePe,Yes,> 3000 ₹,Yes,Online Learning Platforms,Cyber Security,1
2026-02-23 17:57:17.173,Manideeph ,Male,BE / B.Tech,2nd Year,Day Scholar,Urban,No,1000 - 2000 ₹,> 5000 ₹,> 5000 ₹,1000 - 2000 ₹,UPI,GPay,Yes,500 - 1500 ₹,Yes,Online Learning Platforms,Mech,1
2026-02-23 17:59:31.455,Uma santhosh ,Male,BE / B.Tech,1st Year,PG,Urban,No,> 5000 ₹,< 500 ₹,> 5000 ₹,> 5000 ₹,Other,Other,Yes,> 3000 ₹,Yes,Other,IT,1
2026-02-23 18:00:07.226,P.NIKHIL MANIKANTA VARMA,Male,BE / B.Tech,1st Year,Day Scholar,Rural,No,1000 - 2000 ₹,4000 - 5000 ₹,4000 - 5000 ₹,2000 - 3000 ₹,Cash,Other,No,< 500 ₹,Yes,Books & Study Materials,ECE,1
2026-02-23 18:00:34.458,Srivalli,Female,BE / B.Tech,2nd Year,PG,Urban,No,3000 - 4000 ₹,500 - 1000 ₹,> 5000 ₹,1000 - 2000 ₹,UPI,PhonePe,Yes,> 3000 ₹,Yes,Online Learning Platforms,CSE,1
2026-02-23 18:02:18.254,VIJJAVARAPU THANOJ ,Male,BE / B.Tech,1st Year,Day Scholar,Rural,No,< 1000 ₹,2000 - 3000 ₹,1000 - 2000 ₹,< 500 ₹,Debit/Credit Card,PhonePe,No,500 - 1500 ₹,No,Books & Study Materials,CSE,0
2026-02-23 18:02:43.115,Srikanth vegi ,Male,BE / B.Tech,3rd Year,Day Scholar,Urban,No,< 1000 ₹,< 500 ₹,> 5000 ₹,< 500 ₹,UPI,PhonePe,Yes,500 - 1500 ₹,Yes,Software Tools,CSE,1
2026-02-23 18:04:33.168,B Varshit ,Male,BE / B.Tech,3rd Year,Day Scholar,Urban,No,1000 - 2000 ₹,2000 - 3000 ₹,1000 - 2000 ₹,1000 - 2000 ₹,UPI,PhonePe,Yes,1500 - 3000 ₹,Yes,Books & Study Materials,Mech,1
2026-02-23 18:08:15.487,Kushwanth ,Male,BE / B.Tech,2nd Year,Day Scholar,Urban,No,4000 - 5000 ₹,< 500 ₹,500 - 1000 ₹,3000 - 4000 ₹,UPI,Amazon Pay,Yes,500 - 1500 ₹,No,Other,CSE,0
2026-02-23 18:13:58.729,D varun kumar,Male,BE / B.Tech,2nd Year,Day Scholar,Urban,No,2000 - 3000 ₹,2000 - 3000 ₹,2000 - 3000 ₹,2000 - 3000 ₹,Cash,None/Cash,No,1500 - 3000 ₹,Yes,Online Learning Platforms,Mech,1
2026-02-23 18:25:05.359,Pullatikurthi Purna khoushik sai ,Male,BE / B.Tech,2nd Year,PG,Urban,No,> 5000 ₹,500 - 1000 ₹,1000 - 2000 ₹,3000 - 4000 ₹,UPI,PhonePe,No,> 3000 ₹,No,Books & Study Materials,Other,0
2026-02-23 18:35:23.261,Saima ,Female,Other,2nd Year,Day Scholar,Urban,No,< 1000 ₹,500 - 1000 ₹,1000 - 2000 ₹,500 - 1000 ₹,UPI,PhonePe,Yes,500 - 1500 ₹,Yes,Other,BBA,1
2026-02-23 19:10:11.680,M.kumar,Male,BE / B.Tech,4th Year,Day Scholar,Rural,Yes,> 5000 ₹,> 5000 ₹,> 5000 ₹,> 5000 ₹,Debit/Credit Card,SBI Pay,Yes,1500 - 3000 ₹,Yes,Books & Study Materials,Civil,1
2026-02-23 19:21:02.454,Singupuram Chaitanya Kumar ,Male,BE / B.Tech,2nd Year,Day Scholar,Urban,No,3000 - 4000 ₹,> 5000 ₹,4000 - 5000 ₹,3000 - 4000 ₹,UPI,GPay,Yes,> 3000 ₹,Yes,Online Learning Platforms,CSE,1
2026-02-23 20:27:51.545,Jitendar ,Male,B.Com,2nd Year,Day Scholar,Rural,No,1000 - 2000 ₹,< 500 ₹,> 5000 ₹,< 500 ₹,Cash,None/Cash,No,1500 - 3000 ₹,No,Other,PA,0
2026-02-23 20:29:44.811,Ramesh,Male,B.Com,1st Year,Hostel,Urban,Yes,< 1000 ₹,< 500 ₹,4000 - 5000 ₹,< 500 ₹,UPI,GPay,Yes,500 - 1500 ₹,Yes,Other,A & F,1
2026-02-23 20:30:33.628,Preeti,Female,BE / B.Tech,3rd Year,PG,Urban,No,1000 - 2000 ₹,500 - 1000 ₹,> 5000 ₹,> 5000 ₹,UPI,PhonePe,Yes,> 3000 ₹,No,Internet & Data Packs,Civil,0
2026-02-23 21:11:59.418,MANOJ K S,Male,Other,1st Year,Day Scholar,Urban,No,< 1000 ₹,2000 - 3000 ₹,1000 - 2000 ₹,500 - 1000 ₹,UPI,GPay,Yes,1500 - 3000 ₹,Yes,Books & Study Materials,M.COM,1
2026-02-23 21:32:41.449,Ankit Sahu ,Male,BE / B.Tech,2nd Year,Day Scholar,Urban,No,1000 - 2000 ₹,1000 - 2000 ₹,2000 - 3000 ₹,1000 - 2000 ₹,UPI,GPay,No,> 3000 ₹,No,Other,Mech,0
2026-02-23 21:37:59.797,Sittu S,Female,MBA,4th Year,PG,Urban,No,4000 - 5000 ₹,500 - 1000 ₹,4000 - 5000 ₹,2000 - 3000 ₹,UPI,PhonePe,Yes,< 500 ₹,Yes,Online Learning Platforms,Finance,1
2026-02-23 22:40:41.712,Shreeja Kamanaboina ,Female,BE / B.Tech,2nd Year,Day Scholar,Urban,No,< 1000 ₹,2000 - 3000 ₹,> 5000 ₹,1000 - 2000 ₹,Cash,PhonePe,Yes,1500 - 3000 ₹,Yes,Other,CSE,1
2026-02-23 23:02:23.205,Sri koushika viswakarma ,Female,BE / B.Tech,2nd Year,PG,Rural,No,4000 - 5000 ₹,1000 - 2000 ₹,500 - 1000 ₹,1000 - 2000 ₹,UPI,GPay,Yes,> 3000 ₹,No,Books & Study Materials,Other,0
2026-02-24 08:15:04.000,Nandha ,Male,ME / M.Tech,2nd Year,Hostel,Urban,Yes,2000 - 3000 ₹,2000 - 3000 ₹,3000 - 4000 ₹,4000 - 5000 ₹,Debit/Credit Card,GPay,Yes,> 3000 ₹,Yes,Software Tools,Cyber,1
2026-02-24 10:44:40.817,Nithya S,Female,ME / M.Tech,2nd Year,Day Scholar,Rural,Yes,3000 - 4000 ₹,1000 - 2000 ₹,4000 - 5000 ₹,500 - 1000 ₹,UPI,BHIM UPI,Yes,1500 - 3000 ₹,Yes,Internet & Data Packs,DS,1
2026-02-24 11:40:41.780,Prathiev N P,Male,ME / M.Tech,1st Year,Hostel,Urban,Yes,2000 - 3000 ₹,3000 - 4000 ₹,< 500 ₹,3000 - 4000 ₹,UPI,None/Cash,Yes,> 3000 ₹,Yes,Online Learning Platforms,IoT,1
2026-02-24 11:41:09.532,Navesh K,Male,BE / B.Tech,2nd Year,Day Scholar,Urban,No,3000 - 4000 ₹,3000 - 4000 ₹,4000 - 5000 ₹,> 5000 ₹,UPI,GPay,No,< 500 ₹,No,Other,CSE,0
2026-02-24 11:41:22.877,Mohanapriyan B,Male,BE / B.Tech,2nd Year,Day Scholar,Urban,No,4000 - 5000 ₹,3000 - 4000 ₹,> 5000 ₹,> 5000 ₹,UPI,GPay,No,< 500 ₹,No,Other,CSE,0
2026-02-24 11:41:25.251,Logesh G,Male,BE / B.Tech,2nd Year,Hostel,Urban,No,> 5000 ₹,> 5000 ₹,4000 - 5000 ₹,3000 - 4000 ₹,UPI,GPay,No,500 - 1500 ₹,No,Other,CSE,0
2026-02-24 12:43:26.349,Raghu,Male,BE / B.Tech,3rd Year,Day Scholar,Rural,No,1000 - 2000 ₹,4000 - 5000 ₹,2000 - 3000 ₹,4000 - 5000 ₹,UPI,PhonePe,No,500 - 1500 ₹,No,Books & Study Materials,CSE,0
2026-02-24 13:00:39.103,Kabilan M,Male,Other,2nd Year,PG,Urban,No,4000 - 5000 ₹,2000 - 3000 ₹,2000 - 3000 ₹,3000 - 4000 ₹,Cash,None/Cash,Yes,> 3000 ₹,Yes,Software Tools,B.Arch,1
2026-02-24 13:15:25.529,Yashvanth ,Male,ME / M.Tech,2nd Year,Hostel,Urban,No,2000 - 3000 ₹,1000 - 2000 ₹,2000 - 3000 ₹,2000 - 3000 ₹,UPI,GPay,Yes,500 - 1500 ₹,Yes,Internet & Data Packs,Cyber,1
2026-02-24 14:41:31.972,Mukil,Male,ME / M.Tech,2nd Year,Day Scholar,Rural,Yes,1000 - 2000 ₹,500 - 1000 ₹,2000 - 3000 ₹,1000 - 2000 ₹,Cash,PhonePe,Yes,< 500 ₹,Yes,Online Learning Platforms,Cyber,1
2026-02-25 18:30:35.411,Bharani A,Male,MBA,2nd Year,Day Scholar,Urban,No,1000 - 2000 ₹,3000 - 4000 ₹,1000 - 2000 ₹,500 - 1000 ₹,Cash,BHIM UPI,Yes,< 500 ₹,Yes,Software Tools,Finance,1
2026-02-25 18:32:31.848,Deepanaa C,Male,B.Com,1st Year,PG,Rural,Yes,2000 - 3000 ₹,1000 - 2000 ₹,< 500 ₹,3000 - 4000 ₹,Debit/Credit Card,SBI Pay,Yes,< 500 ₹,Yes,Online Learning Platforms,CA,1
2026-02-25 18:33:30.416,Charu S,Female,BE / B.Tech,3rd Year,Day Scholar,Urban,Yes,1000 - 2000 ₹,2000 - 3000 ₹,3000 - 4000 ₹,500 - 1000 ₹,Cash,Amazon Pay,Yes,< 500 ₹,Yes,Online Learning Platforms,MDE,1
2026-02-25 18:34:22.224,Navin Kumar D,Male,BSc,3rd Year,Day Scholar,Rural,Yes,2000 - 3000 ₹,1000 - 2000 ₹,1000 - 2000 ₹,2000 - 3000 ₹,Debit/Credit Card,PhonePe,Yes,1500 - 3000 ₹,Yes,Software Tools,Physics,1
2026-02-25 18:35:29.372,Bhava K,Female,ME / M.Tech,1st Year,PG,Rural,Yes,1000 - 2000 ₹,2000 - 3000 ₹,500 - 1000 ₹,> 5000 ₹,Debit/Credit Card,BHIM UPI,Yes,1500 - 3000 ₹,Yes,Online Learning Platforms,Cyber,1
2026-02-25 18:36:45.886,Mohan P,Male,BSc,3rd Year,PG,Urban,Yes,1000 - 2000 ₹,3000 - 4000 ₹,4000 - 5000 ₹,2000 - 3000 ₹,Cash,PhonePe,No,500 - 1500 ₹,Yes,Online Learning Platforms,Chemistry,1
2026-02-25 18:41:24.422,Swathi D,Female,ME / M.Tech,1st Year,PG,Rural,Yes,< 1000 ₹,< 500 ₹,< 500 ₹,< 500 ₹,UPI,PhonePe,Yes,500 - 1500 ₹,Yes,Books & Study Materials,Cyber,1
2026-02-25 18:44:22.160,Pooja Shree V,Female,B.Com,2nd Year,Hostel,Rural,Yes,< 1000 ₹,3000 - 4000 ₹,3000 - 4000 ₹,4000 - 5000 ₹,Debit/Credit Card,PhonePe,Yes,< 500 ₹,Yes,Software Tools,CA,1
2026-02-25 18:45:25.757,Rohit S,Male,MBA,1st Year,PG,Rural,Yes,1000 - 2000 ₹,2000 - 3000 ₹,500 - 1000 ₹,1000 - 2000 ₹,Cash,PhonePe,Yes,< 500 ₹,Yes,Online Learning Platforms,Other,1
2026-02-25 19:30:12.959,Aakash A ,Male,BE / B.Tech,2nd Year,Day Scholar,Rural,Yes,2000 - 3000 ₹,2000 - 3000 ₹,2000 - 3000 ₹,1000 - 2000 ₹,UPI,GPay,Yes,1500 - 3000 ₹,No,Online Learning Platforms,AI & DS,0
2026-02-25 19:31:18.581,Harish S,Male,BE / B.Tech,2nd Year,Day Scholar,Rural,Yes,2000 - 3000 ₹,2000 - 3000 ₹,2000 - 3000 ₹,2000 - 3000 ₹,UPI,GPay,Yes,1500 - 3000 ₹,No,Software Tools,AI & DS,0
2026-02-26 21:34:38.908,ROHIT SP ,Male,Other,2nd Year,Day Scholar,Urban,Yes,> 5000 ₹,4000 - 5000 ₹,4000 - 5000 ₹,> 5000 ₹,UPI,GPay,Yes,> 3000 ₹,Yes,Other,ABOUT ME ,1
2026-02-27 08:24:04.499,Anuritha ,Female,MBA,1st Year,Day Scholar,Urban,No,> 5000 ₹,4000 - 5000 ₹,> 5000 ₹,1000 - 2000 ₹,UPI,GPay,No,> 3000 ₹,No,Other,Finance,0
2026-02-27 18:02:40.220,Suganth C,Male,B.Com,1st Year,PG,Urban,Yes,2000 - 3000 ₹,3000 - 4000 ₹,1000 - 2000 ₹,2000 - 3000 ₹,UPI,Amazon Pay,Yes,500 - 1500 ₹,Yes,Online Learning Platforms,PA,1
2026-03-10 17:10:52.730,P Niestchal Dheeraj' ,Male,BE / B.Tech,2nd Year,Day Scholar,Urban,No,< 1000 ₹,500 - 1000 ₹,> 5000 ₹,< 500 ₹,UPI,PhonePe,No,< 500 ₹,No,Online Learning Platforms,Other,0
2026-03-11 16:52:34.509,Ramesh P,Male,ME / M.Tech,2nd Year,Hostel,Urban,Yes,2000 - 3000 ₹,3000 - 4000 ₹,3000 - 4000 ₹,1000 - 2000 ₹,Debit/Credit Card,SBI Pay,Yes,1500 - 3000 ₹,Yes,Internet & Data Packs,CSE,1
2026-03-11 16:53:15.238,Suresh M,Male,B.Com,2nd Year,Day Scholar,Rural,Yes,1000 - 2000 ₹,> 5000 ₹,4000 - 5000 ₹,2000 - 3000 ₹,Cash,SBI Pay,No,1500 - 3000 ₹,No,Internet & Data Packs,A & F,0
2026-03-11 16:54:25.934,Shivaraj Kumari H,Female,ME / M.Tech,1st Year,PG,Urban,No,3000 - 4000 ₹,3000 - 4000 ₹,4000 - 5000 ₹,> 5000 ₹,Debit/Credit Card,Amazon Pay,No,< 500 ₹,Yes,Internet & Data Packs,CSE,1
2026-03-11 16:55:26.714,Chandru J,Male,ME / M.Tech,1st Year,Day Scholar,Rural,No,> 5000 ₹,> 5000 ₹,> 5000 ₹,> 5000 ₹,UPI,SBI Pay,Yes,500 - 1500 ₹,No,Online Learning Platforms,Cloud,0
2026-03-12 07:43:13.372,Rakesh M,Male,B.Com,1st Year,Day Scholar,Rural,No,< 1000 ₹,2000 - 3000 ₹,2000 - 3000 ₹,4000 - 5000 ₹,Cash,SBI Pay,Yes,500 - 1500 ₹,Yes,Books & Study Materials,IT,1
2026-03-12 07:44:14.971,Fayaz M,Male,BE / B.Tech,4th Year,Hostel,Urban,Yes,3000 - 4000 ₹,1000 - 2000 ₹,> 5000 ₹,1000 - 2000 ₹,UPI,Other,Yes,< 500 ₹,No,Software Tools,MDE,0
2026-03-12 07:45:17.687,Afra M,Female,MBA,1st Year,Hostel,Rural,Yes,1000 - 2000 ₹,1000 - 2000 ₹,1000 - 2000 ₹,1000 - 2000 ₹,Debit/Credit Card,BHIM UPI,Yes,< 500 ₹,Yes,Internet & Data Packs,Marketing,1
2026-03-12 07:48:38.448,Ramin S,Male,ME / M.Tech,1st Year,PG,Rural,Yes,2000 - 3000 ₹,500 - 1000 ₹,3000 - 4000 ₹,< 500 ₹,Debit/Credit Card,PhonePe,Yes,500 - 1500 ₹,Yes,Software Tools,IoT,1
2026-03-12 07:56:36.990,Hitesh P,Male,B.Com,1st Year,Day Scholar,Rural,Yes,2000 - 3000 ₹,2000 - 3000 ₹,2000 - 3000 ₹,1000 - 2000 ₹,Other,None/Cash,No,< 500 ₹,No,Books & Study Materials,A & F,0
2026-03-12 07:57:26.872,Raji S,Female,BSc,1st Year,PG,Urban,Yes,2000 - 3000 ₹,1000 - 2000 ₹,500 - 1000 ₹,2000 - 3000 ₹,Cash,None/Cash,Yes,> 3000 ₹,Yes,Internet & Data Packs,Physics,1
2026-03-12 07:58:22.383,Ashok J,Male,BSc,2nd Year,PG,Rural,No,< 1000 ₹,1000 - 2000 ₹,1000 - 2000 ₹,3000 - 4000 ₹,Debit/Credit Card,PhonePe,Yes,500 - 1500 ₹,No,Software Tools,Physics,0
2026-03-12 07:59:11.882,Jagan D,Male,B.Com,3rd Year,PG,Rural,Yes,3000 - 4000 ₹,2000 - 3000 ₹,4000 - 5000 ₹,4000 - 5000 ₹,Cash,PhonePe,Yes,1500 - 3000 ₹,Yes,Software Tools,A & F,1
2026-03-12 08:00:54.961,Kavita V,Female,MBA,1st Year,PG,Rural,Yes,3000 - 4000 ₹,3000 - 4000 ₹,4000 - 5000 ₹,3000 - 4000 ₹,Debit/Credit Card,SBI Pay,Yes,> 3000 ₹,Yes,Software Tools,HR,1
2026-03-14 08:07:01.177,Aarthik M,Male,ME / M.Tech,1st Year,PG,Rural,Yes,2000 - 3000 ₹,3000 - 4000 ₹,500 - 1000 ₹,2000 - 3000 ₹,Cash,Amazon Pay,Yes,< 500 ₹,Yes,Online Learning Platforms,CSE,1
2026-03-14 08:07:49.027,Aadityanath J,Male,ME / M.Tech,2nd Year,Hostel,Urban,No,4000 - 5000 ₹,> 5000 ₹,> 5000 ₹,> 5000 ₹,Debit/Credit Card,Airtel Thanks App,No,> 3000 ₹,No,Internet & Data Packs,IoT,0
2026-03-14 08:08:44.167,Swathi L,Female,ME / M.Tech,1st Year,PG,Urban,No,1000 - 2000 ₹,2000 - 3000 ₹,2000 - 3000 ₹,< 500 ₹,UPI,PhonePe,Yes,< 500 ₹,Yes,Books & Study Materials,CSE,1
2026-03-14 08:10:29.847,Surya S,Male,BE / B.Tech,4th Year,Day Scholar,Urban,Yes,3000 - 4000 ₹,1000 - 2000 ₹,2000 - 3000 ₹,1000 - 2000 ₹,UPI,PhonePe,No,500 - 1500 ₹,Yes,Online Learning Platforms,MDE,1
2026-03-14 08:11:24.496,Kaarthi F,Male,BSc,3rd Year,Hostel,Urban,No,< 1000 ₹,1000 - 2000 ₹,1000 - 2000 ₹,2000 - 3000 ₹,Cash,Amazon Pay,No,< 500 ₹,Yes,Books & Study Materials,Physics,1
2026-03-16 16:38:42.073,Yogitha S,Female,B.Com,1st Year,PG,Urban,No,4000 - 5000 ₹,2000 - 3000 ₹,3000 - 4000 ₹,500 - 1000 ₹,Debit/Credit Card,PhonePe,Yes,500 - 1500 ₹,Yes,Books & Study Materials,PA,1
2026-03-16 16:40:03.347,Ram Naidu H,Male,B.Com,1st Year,Hostel,Rural,Yes,3000 - 4000 ₹,4000 - 5000 ₹,3000 - 4000 ₹,3000 - 4000 ₹,Cash,PhonePe,No,1500 - 3000 ₹,Yes,Internet & Data Packs,A & F,1
2026-03-16 16:41:00.215,Bhava Shri M,Female,B.Com,1st Year,Day Scholar,Urban,No,1000 - 2000 ₹,2000 - 3000 ₹,3000 - 4000 ₹,4000 - 5000 ₹,Debit/Credit Card,Airtel Thanks App,Yes,> 3000 ₹,Yes,Internet & Data Packs,PA,1
2026-03-16 16:42:03.657,Barani Kumar H,Male,ME / M.Tech,1st Year,PG,Rural,Yes,3000 - 4000 ₹,3000 - 4000 ₹,2000 - 3000 ₹,1000 - 2000 ₹,Debit/Credit Card,PhonePe,Yes,500 - 1500 ₹,Yes,Internet & Data Packs,IoT,1
2026-03-16 16:43:38.910,Anbu M,Male,B.Com,1st Year,Hostel,Urban,No,3000 - 4000 ₹,1000 - 2000 ₹,4000 - 5000 ₹,2000 - 3000 ₹,Cash,Amazon Pay,No,500 - 1500 ₹,No,Internet & Data Packs,CA,0
2026-03-16 16:44:48.838,Ashok M,Male,MBA,1st Year,PG,Rural,No,4000 - 5000 ₹,2000 - 3000 ₹,2000 - 3000 ₹,1000 - 2000 ₹,UPI,Amazon Pay,Yes,< 500 ₹,Yes,Internet & Data Packs,BA,1
2026-03-16 16:45:40.341,Anintha G,Female,B.Com,1st Year,Day Scholar,Rural,Yes,1000 - 2000 ₹,2000 - 3000 ₹,2000 - 3000 ₹,2000 - 3000 ₹,Other,SBI Pay,Yes,< 500 ₹,Yes,Software Tools,PA,1
2026-03-18 07:25:00.400,Jai Aakash ,Male,ME / M.Tech,2nd Year,Day Scholar,Urban,No,4000 - 5000 ₹,3000 - 4000 ₹,500 - 1000 ₹,3000 - 4000 ₹,Debit/Credit Card,SBI Pay,Yes,1500 - 3000 ₹,Yes,Software Tools,Cloud,1
2026-03-18 07:25:46.015,Somnath K,Male,B.Com,1st Year,Day Scholar,Urban,No,2000 - 3000 ₹,500 - 1000 ₹,2000 - 3000 ₹,1000 - 2000 ₹,Debit/Credit Card,SBI Pay,No,1500 - 3000 ₹,Yes,Internet & Data Packs,IT,1
2026-03-18 07:26:45.730,Bashar Khan M,Male,B.Com,2nd Year,Day Scholar,Rural,No,4000 - 5000 ₹,2000 - 3000 ₹,500 - 1000 ₹,2000 - 3000 ₹,Cash,None/Cash,Yes,1500 - 3000 ₹,Yes,Software Tools,A & F,1
2026-03-18 07:27:53.642,Trisha H,Female,BE / B.Tech,1st Year,Day Scholar,Urban,Yes,3000 - 4000 ₹,3000 - 4000 ₹,3000 - 4000 ₹,2000 - 3000 ₹,Cash,None/Cash,No,1500 - 3000 ₹,Yes,Online Learning Platforms,MDE,1
2026-03-18 07:29:01.541,Swathi Praathmik,Female,B.Com,2nd Year,Day Scholar,Urban,No,3000 - 4000 ₹,1000 - 2000 ₹,4000 - 5000 ₹,1000 - 2000 ₹,UPI,Amazon Pay,Yes,1500 - 3000 ₹,Yes,Online Learning Platforms,A & F,1
2026-03-18 07:29:49.317,Karthik M,Male,MBA,2nd Year,Day Scholar,Rural,No,3000 - 4000 ₹,1000 - 2000 ₹,3000 - 4000 ₹,3000 - 4000 ₹,UPI,Other,Yes,1500 - 3000 ₹,No,Online Learning Platforms,MBA,0
2026-03-18 07:30:49.767,Rani J,Female,BE / B.Tech,2nd Year,Hostel,Rural,No,3000 - 4000 ₹,4000 - 5000 ₹,> 5000 ₹,2000 - 3000 ₹,Debit/Credit Card,None/Cash,Yes,500 - 1500 ₹,No,Other,BME,0
2026-03-18 07:31:33.856,Mahalakshmi M,Female,MBA,1st Year,Day Scholar,Urban,No,4000 - 5000 ₹,4000 - 5000 ₹,> 5000 ₹,> 5000 ₹,UPI,Other,No,> 3000 ₹,Yes,Online Learning Platforms,MBA,1
2026-03-18 14:46:41.615,Nandhani M,Female,BSc,2nd Year,Day Scholar,Urban,No,2000 - 3000 ₹,1000 - 2000 ₹,4000 - 5000 ₹,> 5000 ₹,Debit/Credit Card,Airtel Thanks App,No,500 - 1500 ₹,No,Software Tools,Physics,0
2026-03-18 14:47:37.157,Aafrin Mohammed,Female,BSc,1st Year,Day Scholar,Urban,Yes,3000 - 4000 ₹,2000 - 3000 ₹,4000 - 5000 ₹,> 5000 ₹,UPI,Airtel Thanks App,No,500 - 1500 ₹,No,Other,Chemistry,0
2026-03-18 14:48:49.665,Navmi H,Male,BE / B.Tech,3rd Year,Day Scholar,Urban,No,3000 - 4000 ₹,3000 - 4000 ₹,4000 - 5000 ₹,2000 - 3000 ₹,Other,Other,Yes,1500 - 3000 ₹,Yes,Internet & Data Packs,BME,1
2026-03-18 14:49:58.815,Maithili Sharan,Female,BE / B.Tech,1st Year,Day Scholar,Urban,No,3000 - 4000 ₹,1000 - 2000 ₹,1000 - 2000 ₹,3000 - 4000 ₹,Other,Other,Yes,1500 - 3000 ₹,No,Books & Study Materials,Cyber Security,0
2026-03-18 14:50:48.669,Somnath H,Male,B.Com,1st Year,Day Scholar,Rural,No,4000 - 5000 ₹,> 5000 ₹,3000 - 4000 ₹,> 5000 ₹,Other,Other,No,500 - 1500 ₹,Yes,Other,A & F,1
2026-03-18 14:52:11.744,Karshil Khan,Male,ME / M.Tech,1st Year,Day Scholar,Rural,Yes,4000 - 5000 ₹,4000 - 5000 ₹,> 5000 ₹,4000 - 5000 ₹,Cash,Airtel Thanks App,No,> 3000 ₹,Yes,Internet & Data Packs,CSE,1
2026-03-18 14:55:59.524,Pravesh J,Male,BE / B.Tech,4th Year,PG,Rural,No,< 1000 ₹,500 - 1000 ₹,< 500 ₹,< 500 ₹,Other,Other,No,< 500 ₹,No,Software Tools,MDE,0
2026-03-18 14:57:16.676,Poovizhi S,Female,BE / B.Tech,4th Year,PG,Rural,Yes,4000 - 5000 ₹,> 5000 ₹,> 5000 ₹,< 500 ₹,UPI,Other,No,< 500 ₹,Yes,Software Tools,Mechatronics,1
2026-03-18 14:58:09.184,Poovisha M,Female,ME / M.Tech,1st Year,Hostel,Rural,Yes,4000 - 5000 ₹,< 500 ₹,3000 - 4000 ₹,< 500 ₹,UPI,GPay,Yes,500 - 1500 ₹,Yes,Online Learning Platforms,IoT,1
2026-03-18 14:59:11.814,Mukil J,Male,MBA,1st Year,PG,Rural,No,2000 - 3000 ₹,500 - 1000 ₹,3000 - 4000 ₹,1000 - 2000 ₹,Other,GPay,No,500 - 1500 ₹,No,Other,MBA,0
2026-03-18 15:00:17.539,Kanimozhi M,Male,B.Com,1st Year,Day Scholar,Rural,No,1000 - 2000 ₹,1000 - 2000 ₹,4000 - 5000 ₹,> 5000 ₹,Debit/Credit Card,None/Cash,No,1500 - 3000 ₹,No,Other,A & F,0
2026-03-18 15:01:16.656,Vikas Pranaali,Female,B.Com,1st Year,PG,Urban,Yes,4000 - 5000 ₹,500 - 1000 ₹,3000 - 4000 ₹,3000 - 4000 ₹,Other,SBI Pay,No,500 - 1500 ₹,No,Internet & Data Packs,A & F,0
2026-03-18 15:02:11.265,Yashwantrao P,Male,ME / M.Tech,2nd Year,Day Scholar,Rural,Yes,4000 - 5000 ₹,500 - 1000 ₹,4000 - 5000 ₹,3000 - 4000 ₹,Cash,Airtel Thanks App,No,500 - 1500 ₹,No,Online Learning Platforms,Cloud,0
2026-03-18 18:09:34.544,Ram Prakash,Male,BE / B.Tech,4th Year,PG,Urban,Yes,4000 - 5000 ₹,3000 - 4000 ₹,3000 - 4000 ₹,> 5000 ₹,UPI,GPay,Yes,500 - 1500 ₹,Yes,Software Tools,MDE,1
2026-03-18 18:10:37.053,Shiksha S,Female,BE / B.Tech,4th Year,PG,Urban,Yes,1000 - 2000 ₹,2000 - 3000 ₹,4000 - 5000 ₹,> 5000 ₹,UPI,PhonePe,Yes,1500 - 3000 ₹,Yes,Internet & Data Packs,Mechatronics,1
2026-03-18 18:11:29.997,Nehra H,Female,ME / M.Tech,1st Year,Day Scholar,Rural,No,4000 - 5000 ₹,4000 - 5000 ₹,3000 - 4000 ₹,> 5000 ₹,Debit/Credit Card,None/Cash,Yes,> 3000 ₹,Yes,Online Learning Platforms,Cloud,1
2026-03-18 18:12:38.342,Ganesh J,Male,ME / M.Tech,1st Year,PG,Rural,No,4000 - 5000 ₹,> 5000 ₹,> 5000 ₹,2000 - 3000 ₹,Other,Amazon Pay,No,1500 - 3000 ₹,Yes,Online Learning Platforms,Cloud,1
2026-03-19 12:23:20.678,Then Sanjay S,Male,B.Com,1st Year,Day Scholar,Urban,No,2000 - 3000 ₹,4000 - 5000 ₹,1000 - 2000 ₹,3000 - 4000 ₹,UPI,SBI Pay,No,1500 - 3000 ₹,Yes,Software Tools,PA,1
2026-03-19 12:24:00.166,Revathi S,Female,ME / M.Tech,2nd Year,PG,Urban,No,3000 - 4000 ₹,1000 - 2000 ₹,1000 - 2000 ₹,500 - 1000 ₹,Other,SBI Pay,Yes,1500 - 3000 ₹,No,Other,Cloud,0
2026-03-19 12:24:41.487,Ramaswamy S,Male,ME / M.Tech,1st Year,Day Scholar,Urban,No,< 1000 ₹,3000 - 4000 ₹,4000 - 5000 ₹,2000 - 3000 ₹,Debit/Credit Card,Airtel Thanks App,No,500 - 1500 ₹,No,Online Learning Platforms,IoT,0
2026-03-19 16:55:04.956,DHARUN K S,Male,B.Com,1st Year,Hostel,Urban,No,1000 - 2000 ₹,1000 - 2000 ₹,500 - 1000 ₹,3000 - 4000 ₹,Debit/Credit Card,SBI Pay,No,1500 - 3000 ₹,No,Online Learning Platforms,General,0
2026-03-19 16:55:53.721,GOWSHIKA S,Female,B.Com,1st Year,PG,Urban,No,1000 - 2000 ₹,2000 - 3000 ₹,3000 - 4000 ₹,1000 - 2000 ₹,Cash,BHIM UPI,No,1500 - 3000 ₹,No,Books & Study Materials,CA,0
2026-03-19 16:56:43.490,HARINE SHREE G,Female,BE / B.Tech,4th Year,Day Scholar,Urban,No,< 1000 ₹,< 500 ₹,< 500 ₹,< 500 ₹,UPI,BHIM UPI,No,500 - 1500 ₹,No,Software Tools,MDE,0
2026-03-19 16:57:31.875,HARSINI N,Female,ME / M.Tech,1st Year,PG,Urban,No,2000 - 3000 ₹,3000 - 4000 ₹,2000 - 3000 ₹,3000 - 4000 ₹,Other,Amazon Pay,No,1500 - 3000 ₹,Yes,Online Learning Platforms,Cyber,1
2026-03-19 16:58:22.579,JANANI K,Male,MBA,1st Year,Day Scholar,Urban,Yes,3000 - 4000 ₹,4000 - 5000 ₹,< 500 ₹,4000 - 5000 ₹,Debit/Credit Card,Amazon Pay,No,< 500 ₹,Yes,Online Learning Platforms,MBA,1
2026-03-19 17:03:40.718,KANIKA D,Female,BSc,2nd Year,Hostel,Rural,Yes,1000 - 2000 ₹,1000 - 2000 ₹,1000 - 2000 ₹,2000 - 3000 ₹,Debit/Credit Card,SBI Pay,Yes,500 - 1500 ₹,Yes,Online Learning Platforms,Math,1
2026-03-19 17:04:41.766,KIRUTHIKA T,Female,B.Com,1st Year,PG,Rural,No,2000 - 3000 ₹,3000 - 4000 ₹,2000 - 3000 ₹,3000 - 4000 ₹,UPI,SBI Pay,Yes,500 - 1500 ₹,No,Internet & Data Packs,PA,0
2026-03-19 17:05:35.329,ARUNA A,Female,B.Com,1st Year,PG,Rural,No,1000 - 2000 ₹,3000 - 4000 ₹,3000 - 4000 ₹,4000 - 5000 ₹,Other,PhonePe,No,< 500 ₹,No,Online Learning Platforms,CA,0
2026-03-19 17:06:28.992,AJITHKUMAR M,Male,B.Com,2nd Year,PG,Rural,No,1000 - 2000 ₹,1000 - 2000 ₹,2000 - 3000 ₹,3000 - 4000 ₹,Debit/Credit Card,Airtel Thanks App,No,1500 - 3000 ₹,No,Online Learning Platforms,CA,0
2026-03-19 17:07:22.818,PRADEEPA P,Female,ME / M.Tech,1st Year,Hostel,Rural,No,1000 - 2000 ₹,3000 - 4000 ₹,2000 - 3000 ₹,1000 - 2000 ₹,Debit/Credit Card,SBI Pay,Yes,500 - 1500 ₹,No,Books & Study Materials,CSE,0
2026-03-19 17:08:09.830,PRIYANKA S,Female,ME / M.Tech,1st Year,Day Scholar,Urban,No,1000 - 2000 ₹,2000 - 3000 ₹,1000 - 2000 ₹,2000 - 3000 ₹,Debit/Credit Card,Airtel Thanks App,No,1500 - 3000 ₹,Yes,Online Learning Platforms,AI,1
2026-03-19 17:11:48.978,RAJAKABILAN S,Male,B.Com,1st Year,Day Scholar,Urban,No,< 1000 ₹,3000 - 4000 ₹,500 - 1000 ₹,1000 - 2000 ₹,Cash,Amazon Pay,No,< 500 ₹,No,Books & Study Materials,General,0
2026-03-19 17:12:32.496,RANJITHA K,Female,ME / M.Tech,3rd Year,PG,Urban,No,2000 - 3000 ₹,4000 - 5000 ₹,4000 - 5000 ₹,1000 - 2000 ₹,Cash,Amazon Pay,No,< 500 ₹,No,Online Learning Platforms,Cyber,0
2026-03-19 18:53:37.657,Usha,Female,BE / B.Tech,1st Year,Day Scholar,Rural,No,1000 - 2000 ₹,500 - 1000 ₹,500 - 1000 ₹,3000 - 4000 ₹,Cash,BHIM UPI,No,> 3000 ₹,No,Books & Study Materials,IT,0
2026-03-19 19:13:21.464,Bhavatharani ,Female,BE / B.Tech,2nd Year,Day Scholar,Rural,Yes,< 1000 ₹,> 5000 ₹,> 5000 ₹,1000 - 2000 ₹,Cash,GPay,No,< 500 ₹,Yes,Books & Study Materials,EEE,1
2026-03-19 19:17:24.311,RITHANYA S S,Female,ME / M.Tech,1st Year,Day Scholar,Urban,Yes,2000 - 3000 ₹,> 5000 ₹,1000 - 2000 ₹,3000 - 4000 ₹,Other,BHIM UPI,No,< 500 ₹,No,Books & Study Materials,IoT,0
2026-03-19 19:18:08.321,Sakthi Dharshini ,Female,BSc,3rd Year,Day Scholar,Rural,Yes,< 1000 ₹,2000 - 3000 ₹,2000 - 3000 ₹,4000 - 5000 ₹,UPI,GPay,No,500 - 1500 ₹,Yes,Online Learning Platforms,Biotech,1
2026-03-19 19:18:37.843,SANDHIYA T,Female,B.Com,3rd Year,Day Scholar,Rural,Yes,2000 - 3000 ₹,3000 - 4000 ₹,4000 - 5000 ₹,500 - 1000 ₹,Cash,BHIM UPI,No,< 500 ₹,No,Books & Study Materials,General,0
2026-03-19 19:20:22.219,DURGA A,Female,BE / B.Tech,3rd Year,Day Scholar,Urban,Yes,2000 - 3000 ₹,2000 - 3000 ₹,2000 - 3000 ₹,500 - 1000 ₹,UPI,GPay,Yes,500 - 1500 ₹,Yes,Books & Study Materials,Mechatronics,1
2026-03-19 19:24:18.438,Sunmathi M,Female,B.Com,3rd Year,Day Scholar,Urban,Yes,1000 - 2000 ₹,2000 - 3000 ₹,> 5000 ₹,3000 - 4000 ₹,Other,GPay,No,500 - 1500 ₹,No,Other,PA,0
2026-03-19 19:26:26.842,Kowshika,Female,BE / B.Tech,3rd Year,PG,Rural,No,< 1000 ₹,< 500 ₹,< 500 ₹,< 500 ₹,UPI,PhonePe,Yes,< 500 ₹,Yes,Online Learning Platforms,CSE,1
2026-03-19 19:27:25.524,Pradeep Kumar ,Male,B.Com,4th Year,Hostel,Rural,Yes,1000 - 2000 ₹,2000 - 3000 ₹,3000 - 4000 ₹,2000 - 3000 ₹,UPI,PhonePe,Yes,1500 - 3000 ₹,Yes,Software Tools,CA,1
2026-03-19 19:30:35.224,Mohan prakash ,Male,Other,3rd Year,Hostel,Rural,Yes,1000 - 2000 ₹,< 500 ₹,2000 - 3000 ₹,< 500 ₹,Cash,PhonePe,Yes,500 - 1500 ₹,Yes,Books & Study Materials,Diploma eee,1
2026-03-19 19:33:07.427,yashvandhini.as,Female,BE / B.Tech,2nd Year,Day Scholar,Rural,Yes,3000 - 4000 ₹,> 5000 ₹,> 5000 ₹,> 5000 ₹,UPI,GPay,No,> 3000 ₹,Yes,Other,EEE,1
2026-03-19 19:34:06.932,Karkulazhali durga devi,Female,BE / B.Tech,2nd Year,Day Scholar,Rural,Yes,4000 - 5000 ₹,> 5000 ₹,> 5000 ₹,> 5000 ₹,UPI,GPay,No,> 3000 ₹,Yes,Other,EEE,1
2026-03-19 19:51:47.659,Naveen.P,Male,BE / B.Tech,2nd Year,Hostel,Rural,Yes,< 1000 ₹,< 500 ₹,< 500 ₹,< 500 ₹,UPI,GPay,Yes,< 500 ₹,Yes,Internet & Data Packs,EEE,1
2026-03-19 19:57:43.016,AKILAN ,Male,BE / B.Tech,2nd Year,Hostel,Urban,No,> 5000 ₹,500 - 1000 ₹,> 5000 ₹,1000 - 2000 ₹,UPI,GPay,Yes,< 500 ₹,No,Online Learning Platforms,Other,0
2026-03-19 20:03:26.488,Swathi preetha ,Female,BE / B.Tech,2nd Year,Day Scholar,Urban,No,1000 - 2000 ₹,< 500 ₹,> 5000 ₹,500 - 1000 ₹,UPI,GPay,No,1500 - 3000 ₹,Yes,Internet & Data Packs,CSE,1
2026-03-19 20:42:17.770,Dharani,Female,BE / B.Tech,3rd Year,PG,Urban,Yes,1000 - 2000 ₹,< 500 ₹,< 500 ₹,< 500 ₹,Cash,PhonePe,Yes,500 - 1500 ₹,Yes,Books & Study Materials,EEE,1
2026-03-19 20:43:33.933,Meenakshi M,Female,BE / B.Tech,1st Year,Day Scholar,Urban,No,1000 - 2000 ₹,> 5000 ₹,> 5000 ₹,3000 - 4000 ₹,UPI,GPay,Yes,500 - 1500 ₹,Yes,Books & Study Materials,IT,1
2026-03-19 20:44:36.035,Mahalakshmi P ,Female,BE / B.Tech,1st Year,Hostel,Urban,No,1000 - 2000 ₹,500 - 1000 ₹,4000 - 5000 ₹,3000 - 4000 ₹,UPI,Other,Yes,< 500 ₹,Yes,Books & Study Materials,IT,1
2026-03-19 20:45:41.180,Madhumitha S,Female,BE / B.Tech,1st Year,Day Scholar,Urban,No,< 1000 ₹,500 - 1000 ₹,> 5000 ₹,2000 - 3000 ₹,Cash,Other,Yes,500 - 1500 ₹,Yes,Books & Study Materials,EEE,1
2026-03-19 20:52:26.100,Aashika,Female,BE / B.Tech,2nd Year,Hostel,Rural,Yes,< 1000 ₹,500 - 1000 ₹,> 5000 ₹,500 - 1000 ₹,Cash,Other,Yes,500 - 1500 ₹,Yes,Books & Study Materials,EEE,1
2026-03-19 20:54:27.815,Manju shree,Female,BSc,3rd Year,Day Scholar,Rural,Yes,1000 - 2000 ₹,< 500 ₹,> 5000 ₹,1000 - 2000 ₹,Cash,PhonePe,Yes,1500 - 3000 ₹,No,Software Tools,Other,0
2026-03-19 21:03:17.595,Subas S Benhar Paul ,Male,BSc,1st Year,Day Scholar,Urban,No,2000 - 3000 ₹,3000 - 4000 ₹,2000 - 3000 ₹,1000 - 2000 ₹,UPI,GPay,Yes,500 - 1500 ₹,Yes,Software Tools,Other,1
2026-03-19 21:09:36.118,Sudharsan P ,Male,BE / B.Tech,2nd Year,Day Scholar,Rural,No,4000 - 5000 ₹,2000 - 3000 ₹,< 500 ₹,500 - 1000 ₹,Cash,GPay,Yes,1500 - 3000 ₹,Yes,Other,CSE,1
2026-03-19 21:10:42.204,sharan e ,Male,BE / B.Tech,2nd Year,Day Scholar,Rural,No,4000 - 5000 ₹,3000 - 4000 ₹,4000 - 5000 ₹,4000 - 5000 ₹,UPI,GPay,Yes,500 - 1500 ₹,No,Other,EEE,0
2026-03-19 21:20:46.274,Varshini.V,Female,Other,3rd Year,Day Scholar,Urban,No,> 5000 ₹,500 - 1000 ₹,3000 - 4000 ₹,1000 - 2000 ₹,Cash,GPay,Yes,1500 - 3000 ₹,Yes,Online Learning Platforms,Finance marketing ,1
2026-03-19 21:26:10.406,Kiruthika.V,Female,BE / B.Tech,3rd Year,Day Scholar,Urban,Yes,3000 - 4000 ₹,2000 - 3000 ₹,4000 - 5000 ₹,2000 - 3000 ₹,Cash,GPay,Yes,500 - 1500 ₹,Yes,Books & Study Materials,CSE,1
2026-03-19 21:38:08.645,Tarunika,Female,BE / B.Tech,2nd Year,Hostel,Urban,No,2000 - 3000 ₹,> 5000 ₹,> 5000 ₹,1000 - 2000 ₹,Cash,None/Cash,No,500 - 1500 ₹,Yes,Online Learning Platforms,CSE,1
2026-03-19 21:39:18.269,Sobiya,Female,BE / B.Tech,2nd Year,Hostel,Urban,No,2000 - 3000 ₹,3000 - 4000 ₹,500 - 1000 ₹,1000 - 2000 ₹,Cash,None/Cash,Yes,500 - 1500 ₹,Yes,Online Learning Platforms,CSE,1
2026-03-19 21:40:46.188,Nila,Female,BE / B.Tech,2nd Year,Hostel,Rural,No,2000 - 3000 ₹,> 5000 ₹,> 5000 ₹,1000 - 2000 ₹,Cash,None/Cash,No,1500 - 3000 ₹,No,Software Tools,IT,0
2026-03-19 22:05:19.709,Nishant ,Male,BSc,3rd Year,Day Scholar,Rural,Yes,< 1000 ₹,< 500 ₹,2000 - 3000 ₹,3000 - 4000 ₹,UPI,PhonePe,Yes,500 - 1500 ₹,Yes,Internet & Data Packs,Other,1
2026-03-19 22:06:31.949,Dharnesh,Male,BE / B.Tech,2nd Year,Hostel,Rural,Yes,< 1000 ₹,< 500 ₹,1000 - 2000 ₹,3000 - 4000 ₹,UPI,PhonePe,Yes,1500 - 3000 ₹,Yes,Software Tools,EEE,1
2026-03-19 22:08:44.979,S.gokul,Male,BSc,3rd Year,Day Scholar,Rural,Yes,1000 - 2000 ₹,< 500 ₹,1000 - 2000 ₹,3000 - 4000 ₹,UPI,GPay,Yes,500 - 1500 ₹,Yes,Books & Study Materials,Physics,1
2026-03-19 22:12:10.534,Dhivya,Female,Other,3rd Year,Day Scholar,Rural,No,2000 - 3000 ₹,3000 - 4000 ₹,< 500 ₹,3000 - 4000 ₹,UPI,GPay,Yes,< 500 ₹,No,Online Learning Platforms,Law ,0
2026-03-19 22:15:49.526,Savitha S,Female,B.Com,1st Year,Day Scholar,Urban,No,3000 - 4000 ₹,3000 - 4000 ₹,3000 - 4000 ₹,2000 - 3000 ₹,Cash,SBI Pay,No,< 500 ₹,Yes,Internet & Data Packs,A & F,1
2026-03-19 22:16:46.617,Shrikrishna R,Male,ME / M.Tech,2nd Year,Day Scholar,Urban,Yes,4000 - 5000 ₹,3000 - 4000 ₹,3000 - 4000 ₹,4000 - 5000 ₹,Debit/Credit Card,Airtel Thanks App,Yes,1500 - 3000 ₹,No,Books & Study Materials,IoT,0
2026-03-19 22:17:38.916,Sanjeev H,Male,MBA,1st Year,PG,Rural,No,> 5000 ₹,> 5000 ₹,1000 - 2000 ₹,< 500 ₹,Debit/Credit Card,None/Cash,No,1500 - 3000 ₹,No,Other,MBA,0
2026-03-19 22:18:48.146,Yuva Shree J,Female,MBA,2nd Year,PG,Urban,Yes,> 5000 ₹,2000 - 3000 ₹,4000 - 5000 ₹,3000 - 4000 ₹,Debit/Credit Card,Airtel Thanks App,No,> 3000 ₹,No,Online Learning Platforms,MBA,0
2026-03-19 22:19:23.207,Vinoth Kumar,Male,BE / B.Tech,4th Year,Day Scholar,Urban,Yes,4000 - 5000 ₹,3000 - 4000 ₹,2000 - 3000 ₹,> 5000 ₹,Other,Amazon Pay,Yes,> 3000 ₹,No,Internet & Data Packs,Mechatronics,0
2026-03-19 22:19:59.347,Varnika S,Female,MBA,4th Year,Day Scholar,Rural,No,3000 - 4000 ₹,3000 - 4000 ₹,4000 - 5000 ₹,3000 - 4000 ₹,Cash,None/Cash,Yes,1500 - 3000 ₹,No,Other,BA,0
2026-03-19 22:20:38.610,Tharan Raj ,Male,BE / B.Tech,4th Year,Day Scholar,Urban,Yes,4000 - 5000 ₹,2000 - 3000 ₹,4000 - 5000 ₹,> 5000 ₹,Other,Other,No,1500 - 3000 ₹,No,Online Learning Platforms,Mechatronics,0
2026-03-19 22:21:15.022,Sujan J,Male,MBA,2nd Year,Day Scholar,Rural,No,4000 - 5000 ₹,4000 - 5000 ₹,4000 - 5000 ₹,4000 - 5000 ₹,Debit/Credit Card,SBI Pay,Yes,1500 - 3000 ₹,No,Internet & Data Packs,BA,0
2026-03-19 22:21:59.395,Sunfiya A,Female,ME / M.Tech,2nd Year,Hostel,Urban,No,4000 - 5000 ₹,1000 - 2000 ₹,1000 - 2000 ₹,< 500 ₹,Debit/Credit Card,None/Cash,Yes,500 - 1500 ₹,Yes,Online Learning Platforms,Cloud,1
2026-03-19 22:22:49.961,Nikitha A,Female,ME / M.Tech,2nd Year,Day Scholar,Rural,Yes,4000 - 5000 ₹,3000 - 4000 ₹,> 5000 ₹,< 500 ₹,UPI,Airtel Thanks App,No,1500 - 3000 ₹,No,Online Learning Platforms,IoT,0
2026-03-19 22:23:28.293,Ramya S,Female,ME / M.Tech,2nd Year,Hostel,Rural,Yes,4000 - 5000 ₹,4000 - 5000 ₹,500 - 1000 ₹,2000 - 3000 ₹,Other,SBI Pay,Yes,< 500 ₹,No,Internet & Data Packs,IoT,0
2026-03-19 22:24:20.196,Madhyam S,Female,B.Com,3rd Year,Hostel,Rural,Yes,3000 - 4000 ₹,3000 - 4000 ₹,4000 - 5000 ₹,> 5000 ₹,Cash,Other,No,500 - 1500 ₹,Yes,Online Learning Platforms,A & F,1
2026-03-19 22:25:01.104,Anushri J,Female,ME / M.Tech,1st Year,Day Scholar,Rural,Yes,4000 - 5000 ₹,3000 - 4000 ₹,> 5000 ₹,4000 - 5000 ₹,Other,Other,Yes,500 - 1500 ₹,No,Online Learning Platforms,Cloud,0
2026-03-19 22:25:48.700,Ashvanth B,Male,BE / B.Tech,2nd Year,PG,Urban,No,4000 - 5000 ₹,3000 - 4000 ₹,4000 - 5000 ₹,> 5000 ₹,Debit/Credit Card,PhonePe,No,500 - 1500 ₹,Yes,Online Learning Platforms,Mechatronics,1
2026-03-19 22:26:25.824,Kannika S,Female,BSc,2nd Year,Day Scholar,Urban,No,3000 - 4000 ₹,3000 - 4000 ₹,4000 - 5000 ₹,3000 - 4000 ₹,Cash,SBI Pay,No,1500 - 3000 ₹,Yes,Online Learning Platforms,Other,1
2026-03-19 22:27:01.616,Shrimila S,Female,MBA,4th Year,Day Scholar,Urban,No,3000 - 4000 ₹,2000 - 3000 ₹,1000 - 2000 ₹,> 5000 ₹,UPI,Airtel Thanks App,Yes,500 - 1500 ₹,Yes,Software Tools,Marketing,1
2026-03-19 22:27:38.655,Varshini C,Female,ME / M.Tech,1st Year,Hostel,Rural,Yes,3000 - 4000 ₹,3000 - 4000 ₹,3000 - 4000 ₹,4000 - 5000 ₹,Other,SBI Pay,Yes,< 500 ₹,Yes,Internet & Data Packs,Cloud,1
2026-03-19 22:29:44.013,Deepa S,Female,BE / B.Tech,4th Year,PG,Rural,No,4000 - 5000 ₹,3000 - 4000 ₹,> 5000 ₹,4000 - 5000 ₹,Debit/Credit Card,Other,No,> 3000 ₹,Yes,Books & Study Materials,Mechatronics,1
2026-03-19 22:30:24.537,Deepak D,Male,ME / M.Tech,2nd Year,PG,Urban,Yes,4000 - 5000 ₹,3000 - 4000 ₹,> 5000 ₹,4000 - 5000 ₹,Debit/Credit Card,SBI Pay,No,500 - 1500 ₹,No,Internet & Data Packs,Cloud,0
2026-03-19 22:31:09.673,Kanna Meri M,Female,ME / M.Tech,2nd Year,Day Scholar,Rural,Yes,4000 - 5000 ₹,3000 - 4000 ₹,3000 - 4000 ₹,1000 - 2000 ₹,Other,Amazon Pay,No,500 - 1500 ₹,No,Software Tools,IoT,0
2026-03-19 22:32:01.214,Kirti Sion H,Female,MBA,2nd Year,Day Scholar,Rural,No,4000 - 5000 ₹,4000 - 5000 ₹,> 5000 ₹,1000 - 2000 ₹,Other,Airtel Thanks App,Yes,1500 - 3000 ₹,No,Internet & Data Packs,HR,0
2026-03-19 22:32:46.947,Shauchalay D,Male,ME / M.Tech,2nd Year,Day Scholar,Urban,Yes,4000 - 5000 ₹,> 5000 ₹,> 5000 ₹,4000 - 5000 ₹,Other,SBI Pay,No,< 500 ₹,Yes,Online Learning Platforms,Cloud,1
2026-03-19 22:33:28.663,Tamil Selvi S,Female,ME / M.Tech,2nd Year,Day Scholar,Urban,Yes,4000 - 5000 ₹,4000 - 5000 ₹,> 5000 ₹,500 - 1000 ₹,Other,None/Cash,No,1500 - 3000 ₹,No,Online Learning Platforms,Other,0
2026-03-19 22:34:56.565,Vishnu Priya ,Female,BSc,2nd Year,Day Scholar,Urban,Yes,4000 - 5000 ₹,< 500 ₹,< 500 ₹,1000 - 2000 ₹,Other,PhonePe,Yes,500 - 1500 ₹,No,Internet & Data Packs,Biotech,0
2026-03-19 22:35:32.756,Mahesh B,Male,BE / B.Tech,3rd Year,Day Scholar,Urban,No,4000 - 5000 ₹,2000 - 3000 ₹,2000 - 3000 ₹,3000 - 4000 ₹,Other,Other,No,> 3000 ₹,No,Books & Study Materials,Mechatronics,0
2026-03-19 22:36:30.152,Priya Shreshth ,Female,BE / B.Tech,1st Year,PG,Rural,No,4000 - 5000 ₹,3000 - 4000 ₹,3000 - 4000 ₹,2000 - 3000 ₹,Other,Airtel Thanks App,No,> 3000 ₹,No,Software Tools,Mechatronics,0
2026-03-20 09:07:49.826,Sri poorani K ,Female,BE / B.Tech,3rd Year,Hostel,Urban,No,1000 - 2000 ₹,500 - 1000 ₹,2000 - 3000 ₹,500 - 1000 ₹,UPI,GPay,No,500 - 1500 ₹,No,Books & Study Materials,BME,0
2026-03-20 10:28:47.097,DEEPAK G,Male,MBA,2nd Year,PG,Urban,No,1000 - 2000 ₹,500 - 1000 ₹,500 - 1000 ₹,2000 - 3000 ₹,Cash,None/Cash,No,< 500 ₹,No,Online Learning Platforms,Marketing,0
2026-03-20 10:50:44.345,ENIYAN M,Male,BSc,1st Year,PG,Urban,No,< 1000 ₹,< 500 ₹,1000 - 2000 ₹,1000 - 2000 ₹,Other,GPay,No,< 500 ₹,No,Online Learning Platforms,Math,0
2026-03-20 10:51:37.776,GOPIKA S,Female,B.Com,3rd Year,PG,Rural,Yes,2000 - 3000 ₹,3000 - 4000 ₹,2000 - 3000 ₹,2000 - 3000 ₹,Other,BHIM UPI,No,< 500 ₹,Yes,Software Tools,A & F,1
2026-03-20 10:52:24.230,HARINE SHREE G,Female,B.Com,1st Year,Day Scholar,Rural,No,2000 - 3000 ₹,< 500 ₹,2000 - 3000 ₹,3000 - 4000 ₹,Other,None/Cash,Yes,> 3000 ₹,Yes,Other,General,1
2026-03-20 10:53:13.428,HEMALATHA M,Female,ME / M.Tech,2nd Year,Day Scholar,Rural,No,1000 - 2000 ₹,3000 - 4000 ₹,2000 - 3000 ₹,1000 - 2000 ₹,Debit/Credit Card,Airtel Thanks App,Yes,< 500 ₹,Yes,Books & Study Materials,Cyber,1
2026-03-20 10:54:02.754,JAIAKASH S,Male,ME / M.Tech,2nd Year,Hostel,Urban,Yes,2000 - 3000 ₹,1000 - 2000 ₹,< 500 ₹,3000 - 4000 ₹,Debit/Credit Card,GPay,Yes,1500 - 3000 ₹,Yes,Books & Study Materials,AI,1
2026-03-20 10:55:22.393,JAYAPRIYA R,Female,BE / B.Tech,1st Year,PG,Rural,Yes,< 1000 ₹,3000 - 4000 ₹,2000 - 3000 ₹,500 - 1000 ₹,UPI,SBI Pay,No,< 500 ₹,No,Software Tools,BME,0
2026-03-20 10:56:24.891,KARTHICK C,Male,BE / B.Tech,1st Year,Hostel,Rural,No,1000 - 2000 ₹,4000 - 5000 ₹,4000 - 5000 ₹,2000 - 3000 ₹,Cash,Amazon Pay,No,< 500 ₹,No,Internet & Data Packs,BME,0
2026-03-20 10:57:30.426,LALITH K,Male,ME / M.Tech,1st Year,Hostel,Rural,No,2000 - 3000 ₹,3000 - 4000 ₹,500 - 1000 ₹,500 - 1000 ₹,UPI,PhonePe,Yes,500 - 1500 ₹,No,Books & Study Materials,Cyber,0
2026-03-20 10:58:15.983,Unnamalai AL,Female,BE / B.Tech,1st Year,Day Scholar,Rural,No,1000 - 2000 ₹,3000 - 4000 ₹,1000 - 2000 ₹,500 - 1000 ₹,Cash,GPay,No,< 500 ₹,No,Software Tools,BME,0
2026-03-20 10:59:40.467,Meena R,Female,BSc,1st Year,Day Scholar,Rural,No,< 1000 ₹,1000 - 2000 ₹,2000 - 3000 ₹,4000 - 5000 ₹,Other,SBI Pay,Yes,500 - 1500 ₹,No,Online Learning Platforms,Stats,0
2026-03-21 08:45:06.546,Bhavani S,Female,BE / B.Tech,3rd Year,Hostel,Rural,No,> 5000 ₹,500 - 1000 ₹,> 5000 ₹,1000 - 2000 ₹,Other,GPay,No,500 - 1500 ₹,Yes,Software Tools,CSE,1
